<?xml version="1.0"?>
<tweaks>	
	<tweak version="2" name="anims/fps/fps_spawn" extension="animation_states">
		<search>
			<xml/>
			<state name="fps"/>
		</search>
		<target mode="attach">
			<to name="reload_iuhTTIPlus" 				redirect="fps/reload/iuhTTIPlus"/>
			<to name="reload_not_empty_iuhTTIPlus" 		redirect="fps/reload_not_empty/iuhTTIPlus"/>
			<to name="underbarrel_reload_iuhTTIPlus"	redirect="fps/reload/underbarrel/iuhTTIPlus"/>
			<to name="underbarrel_enter_iuhTTIPlus"		redirect="fps/enter/underbarrel/iuhTTIPlus"/>
			<to name="underbarrel_exit_iuhTTIPlus"		redirect="fps/exit/underbarrel/iuhTTIPlus"/>	
		</target>
	</tweak>

	<tweak version="2" name="anims/fps/fps_spawn" extension="animation_states">
		<search>
			<xml/>
			<state name="fps/idle"/>
			<anim name="m4_idle" weight="m4"/>
		</search>
		<target mode="append">
			<anim name="iuhTTIPlus_idle" weight="iuhTTIPlus * (1-steelsight_weight)"/>
			<anim name="iuhTTIPlus_underbarrel_idle" weight="iuhTTIPlus_underbarrel * (1-steelsight_weight)"/>
		</target>
	</tweak>

	<tweak version="2" name="anims/fps/fps_spawn" extension="animation_states">
		<search>
			<xml/>
			<state name="fps/reload"/>
		</search>
		<target mode="append">
			<state name="fps/reload/iuhTTIPlus" type="once" segment="base" speed="1.0">
				<anim name="iuhTTIPlus_reload"/>
				<keys>
				<key at="trigger" trigger="wp_foley_generic_lever_release" callback="play_sound" class_name="base" param1="wp_foley_generic_lever_release"/>
				<key at="trigger" trigger="wp_foley_generic_clip_grab" callback="play_sound" class_name="base" param1="wp_foley_generic_clip_grab"/>
				<key at="trigger" trigger="wp_foley_generic_clip_throw" callback="play_sound" class_name="base" param1="wp_foley_generic_clip_throw"/>
				<key at="trigger" trigger="wp_foley_generic_clip_take_new" callback="play_sound" class_name="base" param1="wp_foley_generic_clip_take_new"/>
				<key at="trigger" trigger="wp_foley_generic_clip_in_connect" callback="play_sound" class_name="base" param1="wp_foley_generic_clip_in_connect"/>
				<key at="trigger" trigger="wp_foley_generic_lever_grab" callback="play_sound" class_name="base" param1="wp_foley_generic_lever_grab"/>
				<key at="trigger" trigger="wp_foley_generic_lever_pull" callback="play_sound" class_name="base" param1="wp_foley_generic_lever_pull"/>
				<key at="trigger" trigger="wp_foley_generic_back_in_hand" callback="play_sound" class_name="base" param1="wp_foley_generic_back_in_hand"/>
				<key at="trigger" trigger="wp_foley_generic_tilt_back" callback="play_sound" class_name="base" param1="wp_ak47_tilt_back"/>
				<key at="trigger" trigger="wp_foley_generic_tilt" callback="play_sound" class_name="base" param1="wp_ak47_tilt"/>
				<key at="trigger" trigger="hajk_push_mag_release" callback="play_sound" class_name="base" param1="hajk_push_mag_release"/>
				<key at="trigger" trigger="contraband_lift_up" callback="play_sound" class_name="base" param1="contraband_lift_up"/>
				<key at="trigger" trigger="contraband_mag_out" callback="play_sound" class_name="base" param1="contraband_mag_out"/>
				<key at="trigger" trigger="contraband_mag_fiddle" callback="play_sound" class_name="base" param1="contraband_mag_fiddle"/>
				<key at="trigger" trigger="contraband_mag_in" callback="play_sound" class_name="base" param1="contraband_mag_in"/>
				<key at="trigger" trigger="contraband_bolt_release" callback="play_sound" class_name="base" param1="contraband_bolt_release"/>
				<key at="trigger" trigger="contraband_back_in_hand" callback="play_sound" class_name="base" param1="contraband_back_in_hand"/>
				<key at="trigger" trigger="arbiter_release_lever" callback="play_sound" class_name="base" param1="arbiter_release_lever"/>				
				<key at="trigger" trigger="bullet_show" callback="anim_clbk_check_bullet_object" class_name="base" />
				<key at="trigger" trigger="wp_clip_generic_ass_left" callback="play_sound" class_name="base" param1="wp_clip_generic_ass_left"/>
				<key at="trigger" trigger="wp_foley_generic_back_in_hand_soft" callback="play_sound" class_name="base" param1="wp_foley_generic_back_in_hand_soft"/>
		</keys>
				<exit name="fps/idle"/>
			</state>

			<state name="fps/reload_not_empty/iuhTTIPlus" type="once" segment="base" speed="1.0">
				<anim name="iuhTTIPlus_reload_not_empty"/>
				<keys>
				<key at="trigger" trigger="wp_foley_generic_lever_release" callback="play_sound" class_name="base" param1="wp_foley_generic_lever_release"/>
				<key at="trigger" trigger="wp_foley_generic_clip_grab" callback="play_sound" class_name="base" param1="wp_foley_generic_clip_grab"/>
				<key at="trigger" trigger="wp_foley_generic_clip_throw" callback="play_sound" class_name="base" param1="wp_foley_generic_clip_throw"/>
				<key at="trigger" trigger="wp_foley_generic_clip_take_new" callback="play_sound" class_name="base" param1="wp_foley_generic_clip_take_new"/>
				<key at="trigger" trigger="wp_foley_generic_clip_in_connect" callback="play_sound" class_name="base" param1="wp_foley_generic_clip_in_connect"/>
				<key at="trigger" trigger="wp_foley_generic_lever_grab" callback="play_sound" class_name="base" param1="wp_foley_generic_lever_grab"/>
				<key at="trigger" trigger="wp_foley_generic_lever_pull" callback="play_sound" class_name="base" param1="wp_foley_generic_lever_pull"/>
				<key at="trigger" trigger="wp_foley_generic_back_in_hand" callback="play_sound" class_name="base" param1="wp_foley_generic_back_in_hand"/>
				<key at="trigger" trigger="wp_foley_generic_tilt_back" callback="play_sound" class_name="base" param1="wp_ak47_tilt_back"/>
				<key at="trigger" trigger="wp_foley_generic_tilt" callback="play_sound" class_name="base" param1="wp_ak47_tilt"/>
				<key at="trigger" trigger="hajk_push_mag_release" callback="play_sound" class_name="base" param1="hajk_push_mag_release"/>
				<key at="trigger" trigger="contraband_lift_up" callback="play_sound" class_name="base" param1="contraband_lift_up"/>
				<key at="trigger" trigger="contraband_mag_out" callback="play_sound" class_name="base" param1="contraband_mag_out"/>
				<key at="trigger" trigger="contraband_mag_fiddle" callback="play_sound" class_name="base" param1="contraband_mag_fiddle"/>
				<key at="trigger" trigger="contraband_mag_in" callback="play_sound" class_name="base" param1="contraband_mag_in"/>
				<key at="trigger" trigger="contraband_bolt_release" callback="play_sound" class_name="base" param1="contraband_bolt_release"/>
				<key at="trigger" trigger="contraband_back_in_hand" callback="play_sound" class_name="base" param1="contraband_back_in_hand"/>
				<key at="trigger" trigger="arbiter_release_lever" callback="play_sound" class_name="base" param1="arbiter_release_lever"/>				
				<key at="trigger" trigger="bullet_show" callback="anim_clbk_check_bullet_object" class_name="base" />
				<key at="trigger" trigger="wp_clip_generic_ass_left" callback="play_sound" class_name="base" param1="wp_clip_generic_ass_left"/>
				<key at="trigger" trigger="wp_foley_generic_back_in_hand_soft" callback="play_sound" class_name="base" param1="wp_foley_generic_back_in_hand_soft"/>
		</keys>
				<exit name="fps/idle"/>
			</state>



			<state name="fps/enter/underbarrel/iuhTTIPlus" type="once" segment="base" speed="1.0">
				<anim name="iuhTTIPlus_underbarrel_enter"/>
				<keys>
				<key at="trigger" trigger="contraband_back_in_hand" callback="play_sound" class_name="base" param1="contraband_back_in_hand"/>
				<key at="trigger" trigger="wp_foley_generic_tilt_soft" callback="play_sound" class_name="base" param1="wp_foley_generic_tilt_soft"/>
				</keys>
				<exit name="fps/idle/underbarrel/iuhTTIPlus"/>
			</state>

			<state name="fps/exit/underbarrel/iuhTTIPlus" type="once" segment="base" speed="1.0">
				<anim name="iuhTTIPlus_underbarrel_exit"/>
				<keys>
					<key at="trigger" trigger="wp_foley_generic_back_in_hand_soft" callback="play_sound" class_name="base" param1="wp_foley_generic_back_in_hand_soft"/>
					<key at="trigger" trigger="wp_foley_generic_tilt_soft" callback="play_sound" class_name="base" param1="wp_foley_generic_tilt_soft"/>
				</keys>
				<exit name="fps/idle"/>
			</state>

			<state name="fps/equip/underbarrel/iuhTTIPlus" type="mix" segment="base" speed="1.0">
				<anim name="iuhTTIPlus_underbarrel_equip"/>
			</state>

			<state name="fps/unequip/underbarrel/iuhTTIPlus" type="mix" segment="base" speed="1.0">
				<anim name="iuhTTIPlus_underbarrel_unequip"/>
			</state>

			<state name="fps/start_running/underbarrel/iuhTTIPlus" type="mix" segment="base" speed="1.0">
				<anim name="iuhTTIPlus_underbarrel_sprint_enter"/>
				<exit name="fps/running/underbarrel/iuhTTIPlus"/>
			</state>

			<state name="fps/running/underbarrel/iuhTTIPlus" type="mixloop" segment="base" speed="1.0">
				<anim name="iuhTTIPlus_underbarrel_sprint"/>
			</state>

			<state name="fps/stop_running/underbarrel/iuhTTIPlus" type="mix" segment="base" speed="2.0">
				<anim name="iuhTTIPlus_underbarrel_sprint_exit"/>
				<exit name="fps/idle/underbarrel/iuhTTIPlus"/>
			</state>

			<state name="fps/melee/underbarrel/iuhTTIPlus" type="mix" segment="base" speed="1.0">
				<anim name="iuhTTIPlus_underbarrel_melee"/>
				<keys>
					<key at="enter" callback="anim_clbk_stop_weapon_anim" class_name="base" param1="reload"/>
					<key at="enter" callback="play_sound" class_name="base" param1="m4_melee_attack"/>
				</keys>
				<exit name="fps/idle/underbarrel/iuhTTIPlus"/>
			</state>

			<state name="fps/melee_miss/underbarrel/iuhTTIPlus" type="mix" segment="base" speed="1.0">
				<anim name="iuhTTIPlus_underbarrel_melee_miss"/>
				<keys>
					<key at="enter" callback="anim_clbk_stop_weapon_anim" class_name="base" param1="reload"/>
					<key at="enter" callback="play_sound" class_name="base" param1="m4_melee_attack"/>
				</keys>
				<exit name="fps/idle/underbarrel/iuhTTIPlus"/>
			</state>

			<state name="fps/idle/underbarrel/iuhTTIPlus" type="mixloop" segment="base" speed="1.0">
				<anim name="iuhTTIPlus_underbarrel_idle"/>
			</state>

			<state name="fps/recoil/underbarrel/iuhTTIPlus" type="mixloop" segment="base" speed="1.0">
				<anim name="iuhTTIPlus_underbarrel_recoil"/>
			</state>

			<state name="fps/recoil_enter/underbarrel/iuhTTIPlus" type="once" segment="base" speed="1.0">
				<anim name="iuhTTIPlus_underbarrel_recoil_enter"/>
				<exit name="fps/idle/underbarrel/iuhTTIPlus"/>
			</state>

			<state name="fps/recoil_exit/underbarrel/iuhTTIPlus" type="once" segment="base" speed="1.0">
				<anim name="iuhTTIPlus_underbarrel_recoil_exit"/>
				<exit name="fps/idle/underbarrel/iuhTTIPlus"/>
			</state>

			<state name="fps/recoil_loop/underbarrel/iuhTTIPlus" type="mixloop" segment="base" speed="1.0">
				<anim name="iuhTTIPlus_underbarrel_recoil_loop"/>
			</state>

			<state name="fps/reload/underbarrel/iuhTTIPlus" type="once" segment="base" speed="1.0">
				<anim name="iuhTTIPlus_underbarrel_reload"/>
				<keys>
					<key at="trigger" trigger="wp_foley_generic_lever_release" callback="play_sound" class_name="base" param1="wp_foley_generic_lever_release"/>
					<key at="trigger" trigger="wp_foley_generic_clip_grab" callback="play_sound" class_name="base" param1="wp_foley_generic_clip_grab"/>
					<key at="trigger" trigger="wp_foley_generic_clip_throw" callback="play_sound" class_name="base" param1="wp_foley_generic_clip_throw"/>
					<key at="trigger" trigger="wp_foley_generic_clip_take_new" callback="play_sound" class_name="base" param1="wp_foley_generic_clip_take_new"/>
					<key at="trigger" trigger="wp_foley_generic_clip_in_connect" callback="play_sound" class_name="base" param1="wp_foley_generic_clip_in_connect"/>
					<key at="trigger" trigger="wp_foley_generic_lever_grab" callback="play_sound" class_name="base" param1="wp_foley_generic_lever_grab"/>
					<key at="trigger" trigger="wp_foley_generic_lever_pull" callback="play_sound" class_name="base" param1="wp_foley_generic_lever_pull"/>
					<key at="trigger" trigger="wp_foley_generic_back_in_hand" callback="play_sound" class_name="base" param1="wp_foley_generic_back_in_hand"/>
					<key at="trigger" trigger="wp_foley_generic_tilt_back" callback="play_sound" class_name="base" param1="wp_ak47_tilt_back"/>
					<key at="trigger" trigger="wp_foley_generic_tilt" callback="play_sound" class_name="base" param1="wp_ak47_tilt"/>
					<key at="trigger" trigger="hajk_push_mag_release" callback="play_sound" class_name="base" param1="hajk_push_mag_release"/>
					<key at="trigger" trigger="contraband_grenade_lift_up" callback="play_sound" class_name="base" param1="contraband_grenade_lift_up"/>
					<key at="trigger" trigger="contraband_grenade_push_handle" callback="play_sound" class_name="base" param1="contraband_grenade_push_handle"/>
					<key at="trigger" trigger="contraband_grenade_shell_in" callback="play_sound" class_name="base" param1="contraband_grenade_shell_in"/>
					<key at="trigger" trigger="contraband_grenade_pull_handle" callback="play_sound" class_name="base" param1="contraband_grenade_pull_handle"/>
					<key at="trigger" trigger="contraband_grenade_back_in_hand" callback="play_sound" class_name="base" param1="contraband_grenade_back_in_hand"/>
					<key at="trigger" trigger="arbiter_push_button" callback="play_sound" class_name="base" param1="arbiter_push_button"/>
					<key at="trigger" trigger="gl_casing_land_hard" callback="play_sound" class_name="base" param1="gl_casing_land_hard"/>				
					<key at="trigger" trigger="bullet_show" callback="anim_clbk_check_bullet_object" class_name="base" />
					<key at="trigger" trigger="wp_clip_generic_ass_left" callback="play_sound" class_name="base" param1="wp_clip_generic_ass_left"/>
					<key at="trigger" trigger="wp_foley_generic_tilt_soft" callback="play_sound" class_name="base" param1="wp_foley_generic_tilt_soft"/>
					<key at="trigger" trigger="contraband_grenade_shell_contact" callback="play_sound" class_name="base" param1="contraband_grenade_shell_contact"/>
					<key at="trigger" trigger="wp_foley_generic_back_in_hand_soft" callback="play_sound" class_name="base" param1="wp_foley_generic_back_in_hand_soft"/>
				</keys>
				<exit name="fps/idle/underbarrel/iuhTTIPlus"/>
			</state>
		</target>
	</tweak>

	<tweak version="2" name="anims/fps/fps_spawn" extension="animation_states">
		<search>
			<xml/>
			<state name="fps/equip"/>
			<anim name="m4_equip" weight="m4"/>
		</search>
		<target mode="append">
			<anim name="iuhTTIPlus_equip" weight="iuhTTIPlus"/>
			<anim name="iuhTTIPlus_underbarrel_equip" weight="iuhTTIPlus_underbarrel"/>
		</target>
	</tweak>

	<tweak version="2" name="anims/fps/fps_spawn" extension="animation_states">
		<search>
			<xml/>
			<state name="fps/unequip"/>
			<anim name="m4_unequip" weight="m4"/>
		</search>
		<target mode="append">
			<anim name="iuhTTIPlus_unequip" weight="iuhTTIPlus"/>
			<anim name="iuhTTIPlus_underbarrel_unequip" weight="iuhTTIPlus_underbarrel"/>
		</target>
	</tweak>

	<tweak version="2" name="anims/fps/fps_spawn" extension="animation_states">
		<search>
			<xml/>
			<state name="fps/recoil"/>
			<anim name="m4_recoil" weight="m4"/>
		</search>
		<target mode="append">
			<anim name="iuhTTIPlus_recoil" weight="iuhTTIPlus"/>
			<anim name="iuhTTIPlus_underbarrel_recoil" weight="iuhTTIPlus_underbarrel"/>
		</target>
	</tweak>

	<tweak version="2" name="anims/fps/fps_spawn" extension="animation_states">
		<search>
			<xml/>
			<state name="fps/recoil_steelsight"/>
			<anim name="m4_recoil" weight="m4"/>
		</search>
		<target mode="append">
			<anim name="iuhTTIPlus_recoil_steelsight" weight="iuhTTIPlus"/>
			<anim name="iuhTTIPlus_underbarrel_recoil_steelsight" weight="iuhTTIPlus_underbarrel"/>
		</target>
	</tweak>

	<tweak version="2" name="anims/fps/fps_spawn" extension="animation_states">
		<search>
			<xml/>
			<state name="fps/recoil_enter"/>
			<anim name="m4_recoil_enter" weight="m4"/>
		</search>
		<target mode="append">
			<anim name="iuhTTIPlus_recoil_enter" weight="iuhTTIPlus"/>
			<anim name="iuhTTIPlus_underbarrel_recoil_enter" weight="iuhTTIPlus_underbarrel"/>
		</target>
	</tweak>

	<tweak version="2" name="anims/fps/fps_spawn" extension="animation_states">
		<search>
			<xml/>
			<state name="fps/recoil_loop"/>
			<anim name="m4_recoil_loop" weight="m4"/>
		</search>
		<target mode="append">
			<anim name="iuhTTIPlus_recoil_loop" weight="iuhTTIPlus"/>
			<anim name="iuhTTIPlus_underbarrel_recoil_loop" weight="iuhTTIPlus_underbarrel"/>
		</target>
	</tweak>

	<tweak version="2" name="anims/fps/fps_spawn" extension="animation_states">
		<search>
			<xml/>
			<state name="fps/recoil_exit"/>
			<anim name="m4_recoil_exit" weight="m4"/>
		</search>
		<target mode="append">
			<anim name="iuhTTIPlus_recoil_exit" weight="iuhTTIPlus"/>
			<anim name="iuhTTIPlus_underbarrel_recoil_exit" weight="iuhTTIPlus_underbarrel"/>
		</target>
	</tweak>

	<tweak version="2" name="anims/fps/fps_spawn" extension="animation_states">
		<search>
			<xml/>
			<state name="fps/start_running"/>
			<anim name="m4_sprint_enter" weight="m4"/>
		</search>
		<target mode="append">
			<anim name="iuhTTIPlus_sprint_enter" weight="iuhTTIPlus"/>
			<anim name="iuhTTIPlus_underbarrel_sprint_enter" weight="iuhTTIPlus_underbarrel"/>
		</target>
	</tweak>

	<tweak version="2" name="anims/fps/fps_spawn" extension="animation_states">
		<search>
			<xml/>
			<state name="fps/running"/>
			<anim name="m4_sprint" weight="m4"/>
		</search>
		<target mode="append">
			<anim name="iuhTTIPlus_sprint" weight="iuhTTIPlus"/>
			<anim name="iuhTTIPlus_underbarrel_sprint" weight="iuhTTIPlus_underbarrel"/>
		</target>
	</tweak>

	<tweak version="2" name="anims/fps/fps_spawn" extension="animation_states">
		<search>
			<xml/>
			<state name="fps/stop_running"/>
			<anim name="m4_sprint_exit" weight="m4"/>
		</search>
		<target mode="append">
			<anim name="iuhTTIPlus_sprint_exit" weight="iuhTTIPlus"/>
			<anim name="iuhTTIPlus_underbarrel_sprint_exit" weight="iuhTTIPlus_underbarrel"/>
		</target>
	</tweak>

	<tweak version="2" name="anims/fps/fps_spawn" extension="animation_states">
		<search>
			<xml/>
			<state name="fps/melee_enter"/>
			<anim name="m4_unequip" weight="m4"/>
		</search>
		<target mode="append">
			<anim name="iuhTTIPlus_unequip" weight="iuhTTIPlus"/>
			<anim name="iuhTTIPlus_underbarrel_unequip" weight="iuhTTIPlus_underbarrel"/>
		</target>
	</tweak>

	<tweak version="2" name="anims/fps/fps_spawn" extension="animation_states">
		<search>
			<xml/>
			<state name="fps/melee_exit"/>
			<anim name="m4_equip" weight="m4"/>
		</search>
		<target mode="append">
			<anim name="iuhTTIPlus_equip" weight="iuhTTIPlus"/>
			<anim name="iuhTTIPlus_underbarrel_equip" weight="iuhTTIPlus_underbarrel"/>
		</target>
	</tweak>

	<tweak version="2" name="anims/fps/fps_spawn" extension="animation_states">
		<search>
			<xml/>
			<state name="fps/melee"/>
			<anim name="m4_melee" weight="m4"/>
		</search>
		<target mode="append">
			<anim name="iuhTTIPlus_melee" weight="iuhTTIPlus"/>
			<anim name="iuhTTIPlus_underbarrel_melee" weight="iuhTTIPlus_underbarrel"/>
		</target>
	</tweak>

	<tweak version="2" name="anims/fps/fps_spawn" extension="animation_states">
		<search>
			<xml/>
			<state name="fps/melee_miss"/>
			<anim name="m4_melee_miss" weight="m4"/>
		</search>
		<target mode="append">
			<anim name="iuhTTIPlus_melee_miss" weight="iuhTTIPlus"/>
			<anim name="iuhTTIPlus_underbarrel_melee_miss" weight="iuhTTIPlus_underbarrel"/>
		</target>
	</tweak>

	<tweak version="2" name="anims/fps/fps_spawn" extension="animation_states">
		<search>
			<xml/>
			<state name="fps/use"/>
			<anim name="m4_use" weight="m4"/>
		</search>
		<target mode="append">
			<anim name="iuhTTIPlus_use" weight="iuhTTIPlus"/>
			<anim name="iuhTTIPlus_underbarrel_use" weight="iuhTTIPlus_underbarrel"/>
		</target>
	</tweak>

	<tweak version="2" name="anims/fps/fps_spawn" extension="animation_states">
		<search>
			<xml/>
			<state name="fps/command/down"/>
			<anim name="m4_com_down_var1" weight="m4"/>
		</search>
		<target mode="append">
			<anim name="iuhTTIPlus_com_down_var1" weight="iuhTTIPlus"/>
			<anim name="iuhTTIPlus_underbarrel_com_down" weight="iuhTTIPlus_underbarrel"/>
		</target>
	</tweak>

	<tweak version="2" name="anims/fps/fps_spawn" extension="animation_states">
		<search>
			<xml/>
			<state name="fps/command/stop"/>
			<anim name="m4_com_stop" weight="m4"/>
		</search>
		<target mode="append">
			<anim name="iuhTTIPlus_com_stop" weight="iuhTTIPlus"/>
			<anim name="iuhTTIPlus_underbarrel_com_stop" weight="iuhTTIPlus_underbarrel"/>
		</target>
	</tweak>

	<tweak version="2" name="anims/fps/fps_spawn" extension="animation_states">
		<search>
			<xml/>
			<state name="fps/command/come"/>
			<anim name="m4_com_come" weight="m4"/>
		</search>
		<target mode="append">
			<anim name="iuhTTIPlus_com_come" weight="iuhTTIPlus"/>
			<anim name="iuhTTIPlus_underbarrel_com_come" weight="iuhTTIPlus_underbarrel"/>
		</target>
	</tweak>

	<tweak version="2" name="anims/fps/fps_spawn" extension="animation_states">
		<search>
			<xml/>
			<state name="fps/command/point"/>
			<anim name="m4_com_point" weight="m4"/>
		</search>
		<target mode="append">
			<anim name="iuhTTIPlus_com_point" weight="iuhTTIPlus"/>
			<anim name="iuhTTIPlus_underbarrel_com_point" weight="iuhTTIPlus_underbarrel"/>
		</target>
	</tweak>

	<tweak version="2" name="anims/fps/fps_spawn" extension="animation_states">
		<search>
			<xml/>
			<state name="fps/command/get_up"/>
			<anim name="m4_get_up" weight="m4"/>
		</search>
		<target mode="append">
			<anim name="iuhTTIPlus_get_up" weight="iuhTTIPlus"/>
			<anim name="iuhTTIPlus_underbarrel_com_get_up" weight="iuhTTIPlus_underbarrel"/>
		</target>
	</tweak>

	<tweak version="2" name="anims/fps/fps_spawn" extension="animation_states">
		<search>
			<xml/>
			<state name="fps/command/gogo"/>
			<anim name="m4_gogo" weight="m4"/>
		</search>
		<target mode="append">
			<anim name="iuhTTIPlus_gogo" weight="iuhTTIPlus"/>
			<anim name="iuhTTIPlus_underbarrel_gogo" weight="iuhTTIPlus_underbarrel"/>
		</target>
	</tweak>

	<tweak version="2" name="anims/fps/fps_spawn" extension="animation_states">
		<search>
			<xml/>
			<state name="fps/throw_projectile_enter"/>
			<anim name="m4_unequip" weight="m4"/>
		</search>
		<target mode="append">
			<anim name="iuhTTIPlus_unequip" weight="iuhTTIPlus"/>
			<anim name="iuhTTIPlus_underbarrel_unequip" weight="iuhTTIPlus_underbarrel"/>
		</target>
	</tweak>

	<tweak version="2" name="anims/fps/fps_spawn" extension="animation_states">
		<search>
			<xml/>
			<state name="fps/throw_projectile_exit"/>
			<anim name="m4_equip" weight="m4"/>
		</search>
		<target mode="append">
			<anim name="iuhTTIPlus_equip" weight="iuhTTIPlus"/>
			<anim name="iuhTTIPlus_underbarrel_equip" weight="iuhTTIPlus_underbarrel"/>
		</target>
	</tweak>

	<tweak version="2" name="anims/fps/fps_spawn" extension="animation_states">
		<search>
			<xml/>
			<state name="fps/throw_grenade_enter"/>
			<anim name="m4_unequip" weight="m4"/>
		</search>
		<target mode="append">
			<anim name="iuhTTIPlus_unequip" weight="iuhTTIPlus"/>
			<anim name="iuhTTIPlus_underbarrel_unequip" weight="iuhTTIPlus_underbarrel"/>
		</target>
	</tweak>

	<tweak version="2" name="anims/fps/fps_spawn" extension="animation_states">
		<search>
			<xml/>
			<state name="fps/throw_molotov_enter"/>
			<anim name="m4_unequip" weight="m4"/>
		</search>
		<target mode="append">
			<anim name="iuhTTIPlus_unequip" weight="iuhTTIPlus"/>
			<anim name="iuhTTIPlus_underbarrel_unequip" weight="iuhTTIPlus_underbarrel"/>
		</target>
	</tweak>

	<tweak version="2" name="anims/fps/fps_spawn" extension="animation_states">
		<search>
			<xml/>
			<state name="fps/throw_concussion_enter"/>
			<anim name="m4_unequip" weight="m4"/>
		</search>
		<target mode="append">
			<anim name="iuhTTIPlus_unequip" weight="iuhTTIPlus"/>
			<anim name="iuhTTIPlus_underbarrel_unequip" weight="iuhTTIPlus_underbarrel"/>
		</target>
	</tweak>

	<tweak version="2" name="anims/fps/fps_spawn" extension="animation_states">
		<search>
			<xml/>
			<state name="fps/throw_dada_enter"/>
			<anim name="m4_unequip" weight="m4"/>
		</search>
		<target mode="append">
			<anim name="iuhTTIPlus_unequip" weight="iuhTTIPlus"/>
			<anim name="iuhTTIPlus_underbarrel_unequip" weight="iuhTTIPlus_underbarrel"/>
		</target>
	</tweak>

	<tweak version="2" name="anims/fps/fps_spawn" extension="animation_states">
		<search>
			<xml/>
			<state name="fps/throw_grenade_exit"/>
			<anim name="m4_equip" weight="m4"/>
		</search>
		<target mode="append">
			<anim name="iuhTTIPlus_equip" weight="iuhTTIPlus"/>
			<anim name="iuhTTIPlus_underbarrel_equip" weight="iuhTTIPlus_underbarrel"/>
		</target>
	</tweak>

	<tweak version="2" name="anims/fps/fps_spawn" extension="animation_states">
		<search>
			<xml/>
			<state name="fps/tased"/>
			<anim name="m4_tased" weight="m4"/>
		</search>
		<target mode="append">
			<anim name="iuhTTIPlus_tased" weight="iuhTTIPlus"/>
			<anim name="iuhTTIPlus_tased" weight="iuhTTIPlus_underbarrel"/>
		</target>
	</tweak>

	<tweak version="2" name="anims/fps/fps_spawn" extension="animation_states">
		<search>
			<xml/>
			<state name="fps/tased_boost"/>
			<anim name="m4_tased_boost" weight="m4"/>
		</search>
		<target mode="append">
			<anim name="iuhTTIPlus_tased_boost" weight="iuhTTIPlus"/>
			<anim name="iuhTTIPlus_tased_boost" weight="iuhTTIPlus_underbarrel"/>
		</target>
	</tweak>

	<tweak version="2" name="anims/fps/fps_spawn" extension="animation_states">
		<search>
			<xml/>
			<state name="fps/tased_exit"/>
			<anim name="m4_tased_exit" weight="m4"/>
		</search>
		<target mode="append">
			<anim name="iuhTTIPlus_tased_exit" weight="iuhTTIPlus"/>
			<anim name="iuhTTIPlus_tased_exit" weight="iuhTTIPlus_underbarrel"/>
		</target>
	</tweak>

	<tweak version="2" name="anims/fps/fps_spawn" extension="animation_states">
		<search>
			<xml/>
			<state name="fps/enter_tazer_counter"/>
			<anim name="m4_tased_exit" weight="m4"/>
		</search>
		<target mode="append">
			<anim name="iuhTTIPlus_tased_exit" weight="iuhTTIPlus"/>
			<anim name="iuhTTIPlus_tased_exit" weight="iuhTTIPlus_underbarrel"/>
		</target>
	</tweak>

	<tweak version="2" name="anims/fps/fps_spawn" extension="animation_states">
		<search>
			<xml/>
			<state name="fps/cash_inspect"/>
			<anim name="glock_inspect" weight="glock"/>
		</search>
		<target mode="append">
			<anim name="iuhTTIPlus_inspect" weight="iuhTTIPlus"/>
			<anim name="iuhTTIPlus_underbarrel_com_inspect" weight="iuhTTIPlus_underbarrel"/>
		</target>
	</tweak>

	<!--TTIPlus Vertical grip-->
	<tweak version="2" name="anims/fps/fps_spawn" extension="animation_states">
		<search>
			<xml/>
			<state name="fps"/>
		</search>
		<target mode="attach">
			<to name="reload_iuhTTIPlusVg" 					redirect="fps/reload/iuhTTIPlusVg"/>
			<to name="reload_not_empty_iuhTTIPlusVg" 		redirect="fps/reload_not_empty/iuhTTIPlusVg"/>
		</target>
	</tweak>

	<tweak version="2" name="anims/fps/fps_spawn" extension="animation_states">
		<search>
			<xml/>
			<state name="fps/idle"/>
			<anim name="m4_idle" weight="m4"/>
		</search>
		<target mode="append">
			<anim name="iuhTTIPlusVg_idle" weight="iuhTTIPlusVg * (1-steelsight_weight)"/>
		</target>
	</tweak>

	<tweak version="2" name="anims/fps/fps_spawn" extension="animation_states">
		<search>
			<xml/>
			<state name="fps/reload"/>
		</search>
		<target mode="append">
			<state name="fps/reload/iuhTTIPlusVg" type="once" segment="base" speed="1.0">
				<anim name="iuhTTIPlusVg_reload"/>
				<keys>
				<key at="trigger" trigger="wp_foley_generic_lever_release" callback="play_sound" class_name="base" param1="wp_foley_generic_lever_release"/>
				<key at="trigger" trigger="wp_foley_generic_clip_grab" callback="play_sound" class_name="base" param1="wp_foley_generic_clip_grab"/>
				<key at="trigger" trigger="wp_foley_generic_clip_throw" callback="play_sound" class_name="base" param1="wp_foley_generic_clip_throw"/>
				<key at="trigger" trigger="wp_foley_generic_clip_take_new" callback="play_sound" class_name="base" param1="wp_foley_generic_clip_take_new"/>
				<key at="trigger" trigger="wp_foley_generic_clip_in_connect" callback="play_sound" class_name="base" param1="wp_foley_generic_clip_in_connect"/>
				<key at="trigger" trigger="wp_foley_generic_lever_grab" callback="play_sound" class_name="base" param1="wp_foley_generic_lever_grab"/>
				<key at="trigger" trigger="wp_foley_generic_lever_pull" callback="play_sound" class_name="base" param1="wp_foley_generic_lever_pull"/>
				<key at="trigger" trigger="wp_foley_generic_back_in_hand" callback="play_sound" class_name="base" param1="wp_foley_generic_back_in_hand"/>
				<key at="trigger" trigger="wp_foley_generic_tilt_back" callback="play_sound" class_name="base" param1="wp_ak47_tilt_back"/>
				<key at="trigger" trigger="wp_foley_generic_tilt" callback="play_sound" class_name="base" param1="wp_ak47_tilt"/>
				<key at="trigger" trigger="hajk_push_mag_release" callback="play_sound" class_name="base" param1="hajk_push_mag_release"/>
				<key at="trigger" trigger="contraband_lift_up" callback="play_sound" class_name="base" param1="contraband_lift_up"/>
				<key at="trigger" trigger="contraband_mag_out" callback="play_sound" class_name="base" param1="contraband_mag_out"/>
				<key at="trigger" trigger="contraband_mag_fiddle" callback="play_sound" class_name="base" param1="contraband_mag_fiddle"/>
				<key at="trigger" trigger="contraband_mag_in" callback="play_sound" class_name="base" param1="contraband_mag_in"/>
				<key at="trigger" trigger="contraband_bolt_release" callback="play_sound" class_name="base" param1="contraband_bolt_release"/>
				<key at="trigger" trigger="contraband_back_in_hand" callback="play_sound" class_name="base" param1="contraband_back_in_hand"/>
				<key at="trigger" trigger="arbiter_release_lever" callback="play_sound" class_name="base" param1="arbiter_release_lever"/>				
				<key at="trigger" trigger="bullet_show" callback="anim_clbk_check_bullet_object" class_name="base" />
				<key at="trigger" trigger="wp_clip_generic_ass_left" callback="play_sound" class_name="base" param1="wp_clip_generic_ass_left"/>
				<key at="trigger" trigger="wp_foley_generic_back_in_hand_soft" callback="play_sound" class_name="base" param1="wp_foley_generic_back_in_hand_soft"/>
				</keys>
				<exit name="fps/idle"/>
			</state>

			<state name="fps/reload_not_empty/iuhTTIPlusVg" type="once" segment="base" speed="1.0">
				<anim name="iuhTTIPlusVg_reload_not_empty"/>
				<keys>
				<key at="trigger" trigger="wp_foley_generic_lever_release" callback="play_sound" class_name="base" param1="wp_foley_generic_lever_release"/>
				<key at="trigger" trigger="wp_foley_generic_clip_grab" callback="play_sound" class_name="base" param1="wp_foley_generic_clip_grab"/>
				<key at="trigger" trigger="wp_foley_generic_clip_throw" callback="play_sound" class_name="base" param1="wp_foley_generic_clip_throw"/>
				<key at="trigger" trigger="wp_foley_generic_clip_take_new" callback="play_sound" class_name="base" param1="wp_foley_generic_clip_take_new"/>
				<key at="trigger" trigger="wp_foley_generic_clip_in_connect" callback="play_sound" class_name="base" param1="wp_foley_generic_clip_in_connect"/>
				<key at="trigger" trigger="wp_foley_generic_lever_grab" callback="play_sound" class_name="base" param1="wp_foley_generic_lever_grab"/>
				<key at="trigger" trigger="wp_foley_generic_lever_pull" callback="play_sound" class_name="base" param1="wp_foley_generic_lever_pull"/>
				<key at="trigger" trigger="wp_foley_generic_back_in_hand" callback="play_sound" class_name="base" param1="wp_foley_generic_back_in_hand"/>
				<key at="trigger" trigger="wp_foley_generic_tilt_back" callback="play_sound" class_name="base" param1="wp_ak47_tilt_back"/>
				<key at="trigger" trigger="wp_foley_generic_tilt" callback="play_sound" class_name="base" param1="wp_ak47_tilt"/>
				<key at="trigger" trigger="hajk_push_mag_release" callback="play_sound" class_name="base" param1="hajk_push_mag_release"/>
				<key at="trigger" trigger="contraband_lift_up" callback="play_sound" class_name="base" param1="contraband_lift_up"/>
				<key at="trigger" trigger="contraband_mag_out" callback="play_sound" class_name="base" param1="contraband_mag_out"/>
				<key at="trigger" trigger="contraband_mag_fiddle" callback="play_sound" class_name="base" param1="contraband_mag_fiddle"/>
				<key at="trigger" trigger="contraband_mag_in" callback="play_sound" class_name="base" param1="contraband_mag_in"/>
				<key at="trigger" trigger="contraband_bolt_release" callback="play_sound" class_name="base" param1="contraband_bolt_release"/>
				<key at="trigger" trigger="contraband_back_in_hand" callback="play_sound" class_name="base" param1="contraband_back_in_hand"/>
				<key at="trigger" trigger="arbiter_release_lever" callback="play_sound" class_name="base" param1="arbiter_release_lever"/>				
				<key at="trigger" trigger="bullet_show" callback="anim_clbk_check_bullet_object" class_name="base" />
				<key at="trigger" trigger="wp_clip_generic_ass_left" callback="play_sound" class_name="base" param1="wp_clip_generic_ass_left"/>
				<key at="trigger" trigger="wp_foley_generic_back_in_hand_soft" callback="play_sound" class_name="base" param1="wp_foley_generic_back_in_hand_soft"/>
				</keys>
				<exit name="fps/idle"/>
			</state>

		</target>
	</tweak>

	<tweak version="2" name="anims/fps/fps_spawn" extension="animation_states">
		<search>
			<xml/>
			<state name="fps/equip"/>
			<anim name="m4_equip" weight="m4"/>
		</search>
		<target mode="append">
			<anim name="iuhTTIPlusVg_equip" weight="iuhTTIPlusVg"/>
		</target>
	</tweak>

	<tweak version="2" name="anims/fps/fps_spawn" extension="animation_states">
		<search>
			<xml/>
			<state name="fps/unequip"/>
			<anim name="m4_unequip" weight="m4"/>
		</search>
		<target mode="append">
			<anim name="iuhTTIPlusVg_unequip" weight="iuhTTIPlusVg"/>
		</target>
	</tweak>

	<tweak version="2" name="anims/fps/fps_spawn" extension="animation_states">
		<search>
			<xml/>
			<state name="fps/recoil"/>
			<anim name="m4_recoil" weight="m4"/>
		</search>
		<target mode="append">
			<anim name="iuhTTIPlusVg_recoil" weight="iuhTTIPlusVg"/>
		</target>
	</tweak>

	<tweak version="2" name="anims/fps/fps_spawn" extension="animation_states">
		<search>
			<xml/>
			<state name="fps/recoil_steelsight"/>
			<anim name="m4_recoil" weight="m4"/>
		</search>
		<target mode="append">
			<anim name="iuhTTIPlusVg_recoil_steelsight" weight="iuhTTIPlusVg"/>
		</target>
	</tweak>

	<tweak version="2" name="anims/fps/fps_spawn" extension="animation_states">
		<search>
			<xml/>
			<state name="fps/recoil_enter"/>
			<anim name="m4_recoil_enter" weight="m4"/>
		</search>
		<target mode="append">
			<anim name="iuhTTIPlusVg_recoil_enter" weight="iuhTTIPlusVg"/>
		</target>
	</tweak>

	<tweak version="2" name="anims/fps/fps_spawn" extension="animation_states">
		<search>
			<xml/>
			<state name="fps/recoil_loop"/>
			<anim name="m4_recoil_loop" weight="m4"/>
		</search>
		<target mode="append">
			<anim name="iuhTTIPlusVg_recoil_loop" weight="iuhTTIPlusVg"/>
		</target>
	</tweak>

	<tweak version="2" name="anims/fps/fps_spawn" extension="animation_states">
		<search>
			<xml/>
			<state name="fps/recoil_exit"/>
			<anim name="m4_recoil_exit" weight="m4"/>
		</search>
		<target mode="append">
			<anim name="iuhTTIPlusVg_recoil_exit" weight="iuhTTIPlusVg"/>
		</target>
	</tweak>

	<tweak version="2" name="anims/fps/fps_spawn" extension="animation_states">
		<search>
			<xml/>
			<state name="fps/start_running"/>
			<anim name="m4_sprint_enter" weight="m4"/>
		</search>
		<target mode="append">
			<anim name="iuhTTIPlusVg_sprint_enter" weight="iuhTTIPlusVg"/>
		</target>
	</tweak>

	<tweak version="2" name="anims/fps/fps_spawn" extension="animation_states">
		<search>
			<xml/>
			<state name="fps/running"/>
			<anim name="m4_sprint" weight="m4"/>
		</search>
		<target mode="append">
			<anim name="iuhTTIPlusVg_sprint" weight="iuhTTIPlusVg"/>
		</target>
	</tweak>

	<tweak version="2" name="anims/fps/fps_spawn" extension="animation_states">
		<search>
			<xml/>
			<state name="fps/stop_running"/>
			<anim name="m4_sprint_exit" weight="m4"/>
		</search>
		<target mode="append">
			<anim name="iuhTTIPlusVg_sprint_exit" weight="iuhTTIPlusVg"/>
		</target>
	</tweak>

	<tweak version="2" name="anims/fps/fps_spawn" extension="animation_states">
		<search>
			<xml/>
			<state name="fps/melee_enter"/>
			<anim name="m4_unequip" weight="m4"/>
		</search>
		<target mode="append">
			<anim name="iuhTTIPlusVg_unequip" weight="iuhTTIPlusVg"/>
		</target>
	</tweak>

	<tweak version="2" name="anims/fps/fps_spawn" extension="animation_states">
		<search>
			<xml/>
			<state name="fps/melee_exit"/>
			<anim name="m4_equip" weight="m4"/>
		</search>
		<target mode="append">
			<anim name="iuhTTIPlusVg_equip" weight="iuhTTIPlusVg"/>
		</target>
	</tweak>

	<tweak version="2" name="anims/fps/fps_spawn" extension="animation_states">
		<search>
			<xml/>
			<state name="fps/melee"/>
			<anim name="m4_melee" weight="m4"/>
		</search>
		<target mode="append">
			<anim name="iuhTTIPlusVg_melee" weight="iuhTTIPlusVg"/>
		</target>
	</tweak>

	<tweak version="2" name="anims/fps/fps_spawn" extension="animation_states">
		<search>
			<xml/>
			<state name="fps/melee_miss"/>
			<anim name="m4_melee_miss" weight="m4"/>
		</search>
		<target mode="append">
			<anim name="iuhTTIPlusVg_melee_miss" weight="iuhTTIPlusVg"/>
		</target>
	</tweak>

	<tweak version="2" name="anims/fps/fps_spawn" extension="animation_states">
		<search>
			<xml/>
			<state name="fps/use"/>
			<anim name="m4_use" weight="m4"/>
		</search>
		<target mode="append">
			<anim name="iuhTTIPlusVg_use" weight="iuhTTIPlusVg"/>
		</target>
	</tweak>

	<tweak version="2" name="anims/fps/fps_spawn" extension="animation_states">
		<search>
			<xml/>
			<state name="fps/command/down"/>
			<anim name="m4_com_down_var1" weight="m4"/>
		</search>
		<target mode="append">
			<anim name="iuhTTIPlusVg_com_down_var1" weight="iuhTTIPlusVg"/>
		</target>
	</tweak>

	<tweak version="2" name="anims/fps/fps_spawn" extension="animation_states">
		<search>
			<xml/>
			<state name="fps/command/stop"/>
			<anim name="m4_com_stop" weight="m4"/>
		</search>
		<target mode="append">
			<anim name="iuhTTIPlusVg_com_stop" weight="iuhTTIPlusVg"/>
		</target>
	</tweak>

	<tweak version="2" name="anims/fps/fps_spawn" extension="animation_states">
		<search>
			<xml/>
			<state name="fps/command/come"/>
			<anim name="m4_com_come" weight="m4"/>
		</search>
		<target mode="append">
			<anim name="iuhTTIPlusVg_com_come" weight="iuhTTIPlusVg"/>
		</target>
	</tweak>

	<tweak version="2" name="anims/fps/fps_spawn" extension="animation_states">
		<search>
			<xml/>
			<state name="fps/command/point"/>
			<anim name="m4_com_point" weight="m4"/>
		</search>
		<target mode="append">
			<anim name="iuhTTIPlusVg_com_point" weight="iuhTTIPlusVg"/>
		</target>
	</tweak>

	<tweak version="2" name="anims/fps/fps_spawn" extension="animation_states">
		<search>
			<xml/>
			<state name="fps/command/get_up"/>
			<anim name="m4_get_up" weight="m4"/>
		</search>
		<target mode="append">
			<anim name="iuhTTIPlusVg_get_up" weight="iuhTTIPlusVg"/>
		</target>
	</tweak>

	<tweak version="2" name="anims/fps/fps_spawn" extension="animation_states">
		<search>
			<xml/>
			<state name="fps/command/gogo"/>
			<anim name="m4_gogo" weight="m4"/>
		</search>
		<target mode="append">
			<anim name="iuhTTIPlusVg_gogo" weight="iuhTTIPlusVg"/>
		</target>
	</tweak>

	<tweak version="2" name="anims/fps/fps_spawn" extension="animation_states">
		<search>
			<xml/>
			<state name="fps/throw_projectile_enter"/>
			<anim name="m4_unequip" weight="m4"/>
		</search>
		<target mode="append">
			<anim name="iuhTTIPlusVg_unequip" weight="iuhTTIPlusVg"/>
		</target>
	</tweak>

	<tweak version="2" name="anims/fps/fps_spawn" extension="animation_states">
		<search>
			<xml/>
			<state name="fps/throw_projectile_exit"/>
			<anim name="m4_equip" weight="m4"/>
		</search>
		<target mode="append">
			<anim name="iuhTTIPlusVg_equip" weight="iuhTTIPlusVg"/>
		</target>
	</tweak>

	<tweak version="2" name="anims/fps/fps_spawn" extension="animation_states">
		<search>
			<xml/>
			<state name="fps/throw_grenade_enter"/>
			<anim name="m4_unequip" weight="m4"/>
		</search>
		<target mode="append">
			<anim name="iuhTTIPlusVg_unequip" weight="iuhTTIPlusVg"/>
		</target>
	</tweak>

	<tweak version="2" name="anims/fps/fps_spawn" extension="animation_states">
		<search>
			<xml/>
			<state name="fps/throw_molotov_enter"/>
			<anim name="m4_unequip" weight="m4"/>
		</search>
		<target mode="append">
			<anim name="iuhTTIPlusVg_unequip" weight="iuhTTIPlusVg"/>
		</target>
	</tweak>

	<tweak version="2" name="anims/fps/fps_spawn" extension="animation_states">
		<search>
			<xml/>
			<state name="fps/throw_concussion_enter"/>
			<anim name="m4_unequip" weight="m4"/>
		</search>
		<target mode="append">
			<anim name="iuhTTIPlusVg_unequip" weight="iuhTTIPlusVg"/>
		</target>
	</tweak>

	<tweak version="2" name="anims/fps/fps_spawn" extension="animation_states">
		<search>
			<xml/>
			<state name="fps/throw_dada_enter"/>
			<anim name="m4_unequip" weight="m4"/>
		</search>
		<target mode="append">
			<anim name="iuhTTIPlusVg_unequip" weight="iuhTTIPlusVg"/>
		</target>
	</tweak>

	<tweak version="2" name="anims/fps/fps_spawn" extension="animation_states">
		<search>
			<xml/>
			<state name="fps/throw_grenade_exit"/>
			<anim name="m4_equip" weight="m4"/>
		</search>
		<target mode="append">
			<anim name="iuhTTIPlusVg_equip" weight="iuhTTIPlusVg"/>
		</target>
	</tweak>

	<tweak version="2" name="anims/fps/fps_spawn" extension="animation_states">
		<search>
			<xml/>
			<state name="fps/tased"/>
			<anim name="m4_tased" weight="m4"/>
		</search>
		<target mode="append">
			<anim name="iuhTTIPlusVg_tased" weight="iuhTTIPlusVg"/>
		</target>
	</tweak>

	<tweak version="2" name="anims/fps/fps_spawn" extension="animation_states">
		<search>
			<xml/>
			<state name="fps/tased_boost"/>
			<anim name="m4_tased_boost" weight="m4"/>
		</search>
		<target mode="append">
			<anim name="iuhTTIPlusVg_tased_boost" weight="iuhTTIPlusVg"/>
		</target>
	</tweak>

	<tweak version="2" name="anims/fps/fps_spawn" extension="animation_states">
		<search>
			<xml/>
			<state name="fps/tased_exit"/>
			<anim name="m4_tased_exit" weight="m4"/>
		</search>
		<target mode="append">
			<anim name="iuhTTIPlusVg_tased_exit" weight="iuhTTIPlusVg"/>
		</target>
	</tweak>

	<tweak version="2" name="anims/fps/fps_spawn" extension="animation_states">
		<search>
			<xml/>
			<state name="fps/enter_tazer_counter"/>
			<anim name="m4_tased_exit" weight="m4"/>
		</search>
		<target mode="append">
			<anim name="iuhTTIPlusVg_tased_exit" weight="iuhTTIPlusVg"/>
		</target>
	</tweak>

	<tweak version="2" name="anims/fps/fps_spawn" extension="animation_states">
		<search>
			<xml/>
			<state name="fps/cash_inspect"/>
			<anim name="glock_inspect" weight="glock"/>
		</search>
		<target mode="append">
			<anim name="iuhTTIPlusVg_inspect" weight="iuhTTIPlusVg"/>
		</target>
	</tweak>

</tweaks>