<?xml version="1.0"?>
<tweaks>
	<tweak version="2" name="anims/fps/fps_spawn" extension="animation_subset">
		<search>
			<xml/>
		</search>
		<target mode="attach">
			<anim name="iuhTTIPlus_idle" 						file="anims/fps/contraband/contraband_idle" blend_set="all"/>		
			<anim name="iuhTTIPlus_equip" 						file="anims/fps/contraband/contraband_equip" blend_set="all"/>
			<anim name="iuhTTIPlus_unequip" 					file="anims/fps/contraband/contraband_unequip" blend_set="all"/>
			<anim name="iuhTTIPlus_reload" 						file="anims/fps/iuhTTIPlus/iuhTTIPlus_reload" blend_set="all"/>
			<anim name="iuhTTIPlus_reload_not_empty" 			file="anims/fps/iuhTTIPlus/iuhTTIPlus_reload_not_empty" blend_set="all"/>
			<anim name="iuhTTIPlus_melee" 						file="anims/fps/contraband/contraband_melee" blend_set="all"/>
			<anim name="iuhTTIPlus_melee_miss" 					file="anims/fps/contraband/contraband_melee_miss" blend_set="all"/>
			<anim name="iuhTTIPlus_use" 						file="anims/fps/contraband/contraband_use" blend_set="all"/>
			<anim name="iuhTTIPlus_sprint_enter" 				file="anims/fps/contraband/contraband_sprint_enter" blend_set="all"/>
			<anim name="iuhTTIPlus_sprint" 						file="anims/fps/contraband/contraband_sprint" blend_set="all"/>
			<anim name="iuhTTIPlus_sprint_exit" 				file="anims/fps/contraband/contraband_sprint_exit" blend_set="all"/>
			<anim name="iuhTTIPlus_com_down_var1" 				file="anims/fps/contraband/contraband_com_var1" blend_set="all"/>
			<anim name="iuhTTIPlus_com_stop" 					file="anims/fps/contraband/contraband_com_var5" blend_set="all"/>
			<anim name="iuhTTIPlus_com_come" 					file="anims/fps/contraband/contraband_com_var6" blend_set="all"/>
			<anim name="iuhTTIPlus_com_point" 					file="anims/fps/contraband/contraband_com_var7" blend_set="all"/>
			<anim name="iuhTTIPlus_get_up" 						file="anims/fps/contraband/contraband_get_up" blend_set="all"/>
			<anim name="iuhTTIPlus_gogo" 						file="anims/fps/contraband/contraband_gogo" blend_set="all"/>
			<anim name="iuhTTIPlus_tased" 						file="anims/fps/contraband/contraband_tased" blend_set="all"/>
			<anim name="iuhTTIPlus_tased_boost" 				file="anims/fps/contraband/contraband_tased_boost" blend_set="all"/>
			<anim name="iuhTTIPlus_tased_exit" 					file="anims/fps/contraband/contraband_tased_exit" blend_set="all"/>
			<anim name="iuhTTIPlus_recoil" 						file="anims/fps/contraband/contraband_recoil" blend_set="all"/>			
			<anim name="iuhTTIPlus_recoil_enter" 				file="anims/fps/contraband/contraband_recoil_enter" blend_set="all"/>
			<anim name="iuhTTIPlus_recoil_loop" 				file="anims/fps/contraband/contraband_recoil_loop" blend_set="all"/>
			<anim name="iuhTTIPlus_recoil_exit" 				file="anims/fps/contraband/contraband_recoil_exit" blend_set="all"/>
			<anim name="iuhTTIPlus_recoil_steelsight"			file="anims/fps/contraband/contraband_recoil_exit" blend_set="all"/>
			<anim name="iuhTTIPlus_inspect" 					file="anims/fps/contraband/contraband_inspect" blend_set="all"/>

			<anim name="iuhTTIPlus_underbarrel_com_get_up" 		file="anims/fps/contraband/contraband_bipod_com_get_up" blend_set="all"/>
			<anim name="iuhTTIPlus_underbarrel_com_inspect" 	file="anims/fps/contraband/contraband_bipod_com_inspect" blend_set="all"/>
			<anim name="iuhTTIPlus_underbarrel_com_down" 		file="anims/fps/contraband/contraband_bipod_com_var1" blend_set="all"/>
			<anim name="iuhTTIPlus_underbarrel_com_stop" 		file="anims/fps/contraband/contraband_bipod_com_var5" blend_set="all"/>
			<anim name="iuhTTIPlus_underbarrel_com_come" 		file="anims/fps/contraband/contraband_bipod_com_var6" blend_set="all"/>
			<anim name="iuhTTIPlus_underbarrel_com_point" 		file="anims/fps/contraband/contraband_bipod_com_var7" blend_set="all"/>
			<anim name="iuhTTIPlus_underbarrel_enter" 			file="anims/fps/contraband/contraband_bipod_enter" blend_set="all"/>
			<anim name="iuhTTIPlus_underbarrel_equip" 			file="anims/fps/contraband/contraband_bipod_equip" blend_set="all"/>
			<anim name="iuhTTIPlus_underbarrel_exit" 			file="anims/fps/contraband/contraband_bipod_exit" blend_set="all"/>
			<anim name="iuhTTIPlus_underbarrel_gogo" 			file="anims/fps/contraband/contraband_bipod_gogo" blend_set="all"/>
			<anim name="iuhTTIPlus_underbarrel_idle" 			file="anims/fps/contraband/contraband_bipod_idle" blend_set="all"/>
			<anim name="iuhTTIPlus_underbarrel_melee" 			file="anims/fps/contraband/contraband_bipod_melee" blend_set="all"/>
			<anim name="iuhTTIPlus_underbarrel_melee_miss" 		file="anims/fps/contraband/contraband_bipod_melee_miss" blend_set="all"/>
			<anim name="iuhTTIPlus_underbarrel_recoil" 			file="anims/fps/contraband/contraband_bipod_idle" blend_set="all"/>
			<anim name="iuhTTIPlus_underbarrel_recoil_enter" 	file="anims/fps/contraband/contraband_bipod_idle" blend_set="all"/>
			<anim name="iuhTTIPlus_underbarrel_recoil_exit" 	file="anims/fps/contraband/contraband_bipod_idle" blend_set="all"/>
			<anim name="iuhTTIPlus_underbarrel_recoil_loop" 	file="anims/fps/contraband/contraband_bipod_idle" blend_set="all"/>
			<anim name="iuhTTIPlus_underbarrel_recoil_steelsight" file="anims/fps/contraband/contraband_bipod_idle" blend_set="all"/>
			<anim name="iuhTTIPlus_underbarrel_reload" 			file="anims/fps/contraband/contraband_bipod_reload" blend_set="all"/>
			<anim name="iuhTTIPlus_underbarrel_use" 			file="anims/fps/contraband/contraband_bipod_use" blend_set="all"/>
			<anim name="iuhTTIPlus_underbarrel_sprint" 			file="anims/fps/contraband/contraband_bipod_sprint" blend_set="all"/>
			<anim name="iuhTTIPlus_underbarrel_sprint_enter" 	file="anims/fps/contraband/contraband_bipod_sprint_enter" blend_set="all"/>
			<anim name="iuhTTIPlus_underbarrel_sprint_exit" 	file="anims/fps/contraband/contraband_bipod_sprint_exit" blend_set="all"/>
			<anim name="iuhTTIPlus_underbarrel_unequip" 		file="anims/fps/contraband/contraband_bipod_unequip" blend_set="all"/>


			<!--With vertical grip-->
			<anim name="iuhTTIPlusVg_idle" 						file="anims/fps/iuhTTIPlusVg/iuhTTIPlusVg_idle" blend_set="all"/>		
			<anim name="iuhTTIPlusVg_equip" 					file="anims/fps/iuhTTIPlusVg/iuhTTIPlusVg_equip" blend_set="all"/>
			<anim name="iuhTTIPlusVg_unequip" 					file="anims/fps/iuhTTIPlusVg/iuhTTIPlusVg_unequip" blend_set="all"/>
			<anim name="iuhTTIPlusVg_reload" 					file="anims/fps/iuhTTIPlusVg/iuhTTIPlusVg_reload" blend_set="all"/>
			<anim name="iuhTTIPlusVg_reload_not_empty" 			file="anims/fps/iuhTTIPlusVg/iuhTTIPlusVg_reload_not_empty" blend_set="all"/>
			<anim name="iuhTTIPlusVg_melee" 					file="anims/fps/iuhTTIPlusVg/iuhTTIPlusVg_melee" blend_set="all"/>
			<anim name="iuhTTIPlusVg_melee_miss" 				file="anims/fps/iuhTTIPlusVg/iuhTTIPlusVg_melee" blend_set="all"/>
			<anim name="iuhTTIPlusVg_use" 						file="anims/fps/iuhTTIPlusVg/iuhTTIPlusVg_use" blend_set="all"/>
			<anim name="iuhTTIPlusVg_sprint_enter" 				file="anims/fps/victor/victor_sprint_enter" blend_set="all"/>
			<anim name="iuhTTIPlusVg_sprint" 					file="anims/fps/victor/victor_sprint" blend_set="all"/>
			<anim name="iuhTTIPlusVg_sprint_exit" 				file="anims/fps/victor/victor_sprint_exit" blend_set="all"/>
			<anim name="iuhTTIPlusVg_com_down_var1" 			file="anims/fps/victor/victor_com_var1" blend_set="all"/>
			<anim name="iuhTTIPlusVg_com_stop" 					file="anims/fps/victor/victor_com_var5" blend_set="all"/>
			<anim name="iuhTTIPlusVg_com_come" 					file="anims/fps/iuhTTIPlusVg/iuhTTIPlusVg_gogo" blend_set="all"/>
			<anim name="iuhTTIPlusVg_com_point" 				file="anims/fps/victor/victor_com_var7" blend_set="all"/>
			<anim name="iuhTTIPlusVg_get_up" 					file="anims/fps/iuhTTIPlusVg/iuhTTIPlusVg_gogo" blend_set="all"/>
			<anim name="iuhTTIPlusVg_gogo" 						file="anims/fps/iuhTTIPlusVg/iuhTTIPlusVg_gogo" blend_set="all"/>
			<anim name="iuhTTIPlusVg_tased" 					file="anims/fps/contraband/contraband_tased" blend_set="all"/>
			<anim name="iuhTTIPlusVg_tased_boost" 				file="anims/fps/contraband/contraband_tased_boost" blend_set="all"/>
			<anim name="iuhTTIPlusVg_tased_exit" 				file="anims/fps/victor/victor_tased_exit" blend_set="all"/>
			<anim name="iuhTTIPlusVg_recoil" 					file="anims/fps/iuhTTIPlusVg/iuhTTIPlusVg_recoil" blend_set="all"/>			
			<anim name="iuhTTIPlusVg_recoil_enter" 				file="anims/fps/iuhTTIPlusVg/iuhTTIPlusVg_recoil" blend_set="all"/>
			<anim name="iuhTTIPlusVg_recoil_loop" 				file="anims/fps/iuhTTIPlusVg/iuhTTIPlusVg_recoil" blend_set="all"/>
			<anim name="iuhTTIPlusVg_recoil_exit" 				file="anims/fps/iuhTTIPlusVg/iuhTTIPlusVg_recoil" blend_set="all"/>
			<anim name="iuhTTIPlusVg_recoil_steelsight"			file="anims/fps/iuhTTIPlusVg/iuhTTIPlusVg_recoil" blend_set="all"/>
			<anim name="iuhTTIPlusVg_inspect" 					file="anims/fps/victor/victor_inspect" blend_set="all"/>
		</target>
	</tweak>
</tweaks>