<table directory="assets">

	<!--Weapon icon-->
	<texture path="guis/dlcs/mods/textures/pd2/blackmarket/icons/weapons/iuhTTIPlus"/>

	<!--Mods icon-->
	<texture path="guis/dlcs/mods/textures/pd2/blackmarket/icons/mods/wpn_fps_snp_iuhTTIPlus_fg_mk12"/>
	<texture path="guis/dlcs/mods/textures/pd2/blackmarket/icons/mods/wpn_fps_snp_iuhTTIPlus_m_d60"/>
	<texture path="guis/dlcs/mods/textures/pd2/blackmarket/icons/mods/wpn_fps_snp_iuhTTIPlus_fg_victor"/>
	<texture path="guis/dlcs/mods/textures/pd2/blackmarket/icons/mods/wpn_fps_snp_iuhTTIPlus_s_victor_hera"/>
	<texture path="guis/dlcs/mods/textures/pd2/blackmarket/icons/mods/wpn_fps_snp_iuhTTIPlus_gl"/>

	<!--Main weapon-->
	<cooked_physics path="units/mods/weapons/wpn_fps_snp_iuhTTIPlus/wpn_fps_snp_iuhTTIPlus"/>
	<model path="units/mods/weapons/wpn_fps_snp_iuhTTIPlus/wpn_fps_snp_iuhTTIPlus"/>
	<object path="units/mods/weapons/wpn_fps_snp_iuhTTIPlus/wpn_fps_snp_iuhTTIPlus"/>
	<unit path="units/mods/weapons/wpn_fps_snp_iuhTTIPlus/wpn_fps_snp_iuhTTIPlus"/>
	<unit path="units/mods/weapons/wpn_fps_snp_iuhTTIPlus/wpn_fps_snp_iuhTTIPlus_npc"/>

	<!-- Drum magazine -->
	<unit_mat_cc path="units/mods/weapons/wpn_fps_snp_iuhTTIPlus_m_drum/wpn_fps_snp_iuhTTIPlus_m_drum"/>
	<df_nm_cc path="units/mods/weapons/wpn_fps_snp_iuhTTIPlus_m_drum/wpn_fps_snp_iuhTTIPlus_m_drum"/>

	<!-- Verticle grip -->
	<unit_mat_cc path="units/mods/weapons/wpn_fps_snp_iuhTTIPlus_vg/wpn_fps_snp_iuhTTIPlus_vg"/>
	<df_nm_cc path="units/mods/weapons/wpn_fps_snp_iuhTTIPlus_vg/wpn_fps_snp_iuhTTIPlus_vg"/>

	<!-- Verticle grip Victor-->
	<unit_mat_cc path="units/mods/weapons/wpn_fps_snp_iuhTTIPlus_vg_victor/wpn_fps_snp_iuhTTIPlus_vg_victor"/>
	<df_nm_cc path="units/mods/weapons/wpn_fps_snp_iuhTTIPlus_vg_victor/wpn_fps_snp_iuhTTIPlus_vg_victor"/>

	<!-- Verticle rail ris -->
	<unit_mat_cc path="units/mods/weapons/wpn_fps_snp_iuhTTIPlus_addon_ris/wpn_fps_snp_iuhTTIPlus_addon_ris"/>
	<df_nm_cc path="units/mods/weapons/wpn_fps_snp_iuhTTIPlus_addon_ris/wpn_fps_snp_iuhTTIPlus_addon_ris"/>

	<!-- Foregrip -->
	<unit_mat_cc path="units/mods/weapons/wpn_fps_snp_iuhTTIPlus_fg/wpn_fps_snp_iuhTTIPlus_fg"/>
	<df_nm_cc path="units/mods/weapons/wpn_fps_snp_iuhTTIPlus_fg/wpn_fps_snp_iuhTTIPlus_fg"/>

	<!--Effect-->
	<effect	path="effects/iuhTTIPlusMuzzle" load="true" />

	<!--Animation-->
	<animation	path="anims/fps/iuhTTIPlus/iuhTTIPlus_reload"/>
	<animation	path="anims/fps/iuhTTIPlus/iuhTTIPlus_reload_not_empty"/>

	<animation	path="anims/fps/iuhTTIPlusVg/iuhTTIPlusVg_equip"/>
	<animation	path="anims/fps/iuhTTIPlusVg/iuhTTIPlusVg_unequip"/>
	<animation	path="anims/fps/iuhTTIPlusVg/iuhTTIPlusVg_idle"/>
	<animation	path="anims/fps/iuhTTIPlusVg/iuhTTIPlusVg_recoil"/>
	<animation	path="anims/fps/iuhTTIPlusVg/iuhTTIPlusVg_melee"/>
	<animation	path="anims/fps/iuhTTIPlusVg/iuhTTIPlusVg_reload"/>
	<animation	path="anims/fps/iuhTTIPlusVg/iuhTTIPlusVg_reload_not_empty"/>
	<animation	path="anims/fps/iuhTTIPlusVg/iuhTTIPlusVg_use"/>	
	<animation	path="anims/fps/iuhTTIPlusVg/iuhTTIPlusVg_gogo"/>	

</table>

