<mod name="SR-25 Combat Rifle" color="Color(248,0,0)">
	<Localization directory="loc" default="english.txt"/>
	<AssetUpdates id="38020" version="0.0.8" provider="modworkshop"/>
	<GlobalValue id="iuhTTIPlusmod" color="Color(255, 215, 0)"/>
	<AddFiles directory="assets" auto_generate="true">
	</AddFiles>

	<!--Main-->	
	<WeaponMod id="wpn_fps_snp_iuhTTIPlus_magazine" based_on="wpn_fps_ass_contraband_m_standard" unit = "units/pd2_dlc_spa/weapons/wpn_fps_snp_tti_pts/wpn_fps_snp_tti_m_standard" wpn_pts="wpn_fps_snp_iuhTTIPlus" hidden="true" ver="2">
		<bullet_objects amount="20" prefix="g_bullet_"/>
	</WeaponMod>

	<WeaponMod id="wpn_fps_snp_iuhTTIPlus_body" based_on="wpn_fps_ass_contraband_body_standard" unit = "units/pd2_dlc_spa/weapons/wpn_fps_snp_tti_pts/wpn_fps_snp_tti_body_receiverupper" wpn_pts="wpn_fps_snp_iuhTTIPlus" hidden="true" ver="2">
	</WeaponMod>

	<WeaponMod id="wpn_fps_snp_iuhTTIPlus_bodylower" based_on="wpn_fps_snp_tti_body_receiverlower" unit = "units/pd2_dlc_spa/weapons/wpn_fps_snp_tti_pts/wpn_fps_snp_tti_body_receiverlower" wpn_pts="wpn_fps_snp_iuhTTIPlus" is_a_unlockable="false" hidden="true" ver="2">	
	</WeaponMod>

	<WeaponMod id="wpn_fps_snp_iuhTTIPlus_fg" based_on="wpn_fps_ass_contraband_fg_standard" unit = "units/mods/weapons/wpn_fps_snp_iuhTTIPlus_fg/wpn_fps_snp_iuhTTIPlus_fg" wpn_pts="wpn_fps_snp_iuhTTIPlus" hidden="true" ver="2">
		<override>			
			<wpn_fps_upg_o_leupold>
				<stance_mod>
					<wpn_fps_snp_iuhTTIPlus translation = "0 -35 -0.9"/>
				</stance_mod>			
			</wpn_fps_upg_o_leupold>
		</override>			
	</WeaponMod>

	<WeaponMod id="wpn_fps_snp_iuhTTIPlus_b" based_on="wpn_fps_snp_tti_b_standard" unit = "units/payday2/weapons/wpn_fps_ass_m4_pts/wpn_fps_m4_uupg_b_long" a_obj = "a_bolt" wpn_pts="wpn_fps_snp_iuhTTIPlus"  hidden="true" ver="2">	
	</WeaponMod>

	<WeaponMod id="wpn_fps_snp_iuhTTIPlus_g" based_on="wpn_fps_ass_contraband_g_standard" unit = "units/payday2/weapons/wpn_fps_upg_m4_reusable/wpn_fps_upg_m4_g_standard" wpn_pts="wpn_fps_snp_iuhTTIPlus"  hidden="true" ver="2">
	</WeaponMod>

	<WeaponMod id="wpn_fps_snp_iuhTTIPlus_vg" based_on="wpn_fps_snp_tti_vg_standard" a_obj = "a_fg" unit = "units/pd2_dlc_savi/weapons/wpn_fps_snp_victor_pts/wpn_fps_snp_victor_vg_hera" wpn_pts="wpn_fps_snp_iuhTTIPlus"  hidden="true" ver="2">
		<adds>
			<value_node value="wpn_fps_snp_iuhTTIPlus_addon_ris"/>
		</adds>
	</WeaponMod>

	<WeaponMod id="wpn_fps_snp_iuhTTIPlus_addon_ris" based_on="wpn_fps_addon_ris" a_obj = "a_vg" unit = "units/mods/weapons/wpn_fps_snp_iuhTTIPlus_addon_ris/wpn_fps_snp_iuhTTIPlus_addon_ris" wpn_pts="wpn_fps_snp_iuhTTIPlus"  hidden="true" ver="2">	
	</WeaponMod>

	<WeaponMod id="wpn_fps_snp_iuhTTIPlus_dhs_switch" based_on="wpn_fps_snp_tti_dhs_switch" a_obj = "a_dh" unit = "units/pd2_dlc_spa/weapons/wpn_fps_snp_tti_pts/wpn_fps_snp_tti_dhs_switch" wpn_pts="wpn_fps_snp_iuhTTIPlus"  hidden="true" ver="2">
	</WeaponMod>

	<WeaponMod id="wpn_fps_snp_iuhTTIPlus_o" based_on="wpn_fps_upg_o_shortdot" unit = "units/pd2_dlc_gage_snp/weapons/wpn_fps_upg_o_shortdot/wpn_fps_upg_o_shortdot" a_obj = "a_o" wpn_pts="wpn_fps_snp_iuhTTIPlus"  hidden="true" ver="2">
		<stats zoom = "10" />
		<stance_mod>		
		</stance_mod>
	</WeaponMod>

	<WeaponMod id="wpn_fps_snp_iuhTTIPlus_gl_m203" based_on="wpn_fps_ass_contraband_gl_m203" wpn_pts="wpn_fps_snp_iuhTTIPlus"  hidden="true"  ver="2">
		<stance_mod>		
		</stance_mod>		
	</WeaponMod>

	<!--Custom fg-->
	<WeaponMod id="wpn_fps_snp_iuhTTIPlus_fg_mk12" based_on="wpn_fps_ass_contraband_fg_standard" unit = "units/pd2_dlc_ja22/weapons/wpn_fps_m4_upg_mk12_pts/wpn_fps_m4_upg_fg_mk12" wpn_pts="wpn_fps_snp_iuhTTIPlus" dlc = "ja22" hidden="false" ver="2" has_description = "true" global_value = "iuhTTIPlusmod" >
		<adds></adds>	
			<stance_mod>
				<wpn_fps_snp_iuhTTIPlus translation="0 0 -1.5"/>		
			</stance_mod>		
			<override>			
				<wpn_fps_snp_iuhTTIPlus_o a_obj = "a_o_2"/>
				<wpn_fps_upg_o_specter a_obj = "a_o_2"/>
				<wpn_fps_upg_o_aimpoint a_obj = "a_o_2"/>
				<wpn_fps_upg_o_docter a_obj = "a_o_2"/>
				<wpn_fps_upg_o_eotech a_obj = "a_o_2"/>
				<wpn_fps_upg_o_t1micro a_obj = "a_o_2"/>
				<wpn_fps_upg_o_cmore a_obj = "a_o_2"/>
				<wpn_fps_upg_o_aimpoint_2 a_obj = "a_o_2"/>
				<wpn_fps_upg_o_acog a_obj = "a_o_2"/>
				<wpn_fps_upg_o_eotech_xps a_obj = "a_o_2"/>
				<wpn_fps_upg_o_reflex a_obj = "a_o_2"/>
				<wpn_fps_upg_o_rx01 a_obj = "a_o_2"/>
				<wpn_fps_upg_o_rx30 a_obj = "a_o_2"/>
				<wpn_fps_upg_o_cs a_obj = "a_o_2"/>
				<wpn_fps_upg_o_spot a_obj = "a_o_2"/>
				<wpn_fps_upg_o_bmg a_obj = "a_o_2"/>  
				<wpn_fps_upg_o_fc1 a_obj = "a_o_2"/>
				<wpn_fps_upg_o_uh a_obj = "a_o_2"/> 
				<wpn_fps_upg_o_tf90 a_obj = "a_o_2"/> 
				<wpn_fps_upg_o_poe a_obj = "a_o_2"/> 
				<wpn_fps_upg_o_leupold a_obj = "a_o_2">  
					<stance_mod>
						<wpn_fps_snp_iuhTTIPlus translation = "0 -35 -0.8"/>			
					</stance_mod>
				</wpn_fps_upg_o_leupold>      
				<wpn_fps_upg_o_box a_obj = "a_o_2"/>
				<wpn_fps_upg_o_northtac a_obj = "a_o_2"/>	
				<wpn_fps_upg_o_northtac_reddot a_obj = "a_o_2"/>
				<wpn_fps_upg_o_hamr a_obj = "a_o_2"/>	
				<wpn_fps_upg_o_hamr_reddot a_obj = "a_o_2"/>	
				<wpn_fps_upg_o_atibal a_obj = "a_o_2"/>	
				<wpn_fps_upg_o_atibal_reddot a_obj = "a_o_2"/>
				<wpn_fps_upg_o_health a_obj = "a_o_2"/>	
				<wpn_fps_upg_o_mbus_pro a_obj = "a_o_2"/>		
				<wpn_fps_upg_o_45rds_v2>
					<stance_mod>
						<wpn_fps_snp_iuhTTIPlus translation = "-1.2 0 -10.8" rotation = "-0 1 -0 -2"/>			
					</stance_mod>		
				</wpn_fps_upg_o_45rds_v2>	
				<wpn_fps_upg_o_45rds>
					<stance_mod>
						<wpn_fps_snp_iuhTTIPlus translation = "-1.2 0 -10.8" rotation = "-0 1 -0 -2"/>			
					</stance_mod>		
				</wpn_fps_upg_o_45rds>	
				<wpn_fps_upg_o_45iron>
					<stance_mod>
						<wpn_fps_snp_iuhTTIPlus translation = "-1.3 0 -10.5" rotation = "-0 1 -0 -2"/>			
					</stance_mod>		
				</wpn_fps_upg_o_45iron>		
				<wpn_fps_upg_o_45steel>
					<stance_mod>
						<wpn_fps_snp_iuhTTIPlus translation = "-1.3 0 -10.8" rotation = "-0 1 -0 -2"/>			
					</stance_mod>		
				</wpn_fps_upg_o_45steel>								
			</override>	
	</WeaponMod>	

	<WeaponMod id="wpn_fps_snp_iuhTTIPlus_fg_victor" based_on="wpn_fps_ass_contraband_fg_standard" unit = "units/pd2_dlc_savi/weapons/wpn_fps_snp_victor_pts/wpn_fps_snp_victor_fg_standard" a_obj = "a_fg" wpn_pts="wpn_fps_snp_iuhTTIPlus" hidden="false" ver="2" has_description = "true" global_value = "iuhTTIPlusmod" >
		<adds></adds>	
			<override>			
			</override>	
	</WeaponMod>

	<!--Custom barrel-->
	<WeaponMod id="wpn_fps_snp_iuhTTIPlus_b_beowulf" based_on="wpn_fps_snp_tti_b_standard" unit = "units/pd2_dlc_sawp/weapons/wpn_fps_snp_qbu88_pts/wpn_fps_snp_qbu88_b_long" a_obj = "a_bolt" wpn_pts="wpn_fps_snp_iuhTTIPlus" hidden="false" ver="2" has_description = "true" global_value = "iuhTTIPlusmod" >
		<adds></adds>	
			<override>			
			</override>	
	</WeaponMod>

	<!--Custom Mag-->
	<WeaponMod id="wpn_fps_snp_iuhTTIPlus_m_d60" based_on="wpn_fps_ass_contraband_m_standard" unit = "units/mods/weapons/wpn_fps_snp_iuhTTIPlus_m_drum/wpn_fps_snp_iuhTTIPlus_m_drum" wpn_pts="wpn_fps_snp_iuhTTIPlus" hidden="false" ver="2" has_description = "true" global_value = "iuhTTIPlusmod">
		<bullet_objects amount="50" prefix="g_bullet_"/>				
		<stats extra_ammo = "30" concealment = "-2" total_ammo_mod = "15" />	
	</WeaponMod>

	<!-- Custom stock -->
	<WeaponMod id="wpn_fps_snp_iuhTTIPlus_s_victor_hera" based_on="wpn_fps_upg_m4_s_ubr" a_obj = "a_s" unit = "units/pd2_dlc_savi/weapons/wpn_fps_snp_victor_pts/wpn_fps_snp_victor_s_hera" wpn_pts="wpn_fps_snp_iuhTTIPlus" hidden="false" ver="2" has_description = "true" dlc = "victor_mods_pack_2" global_value = "iuhTTIPlusmod">			
		<override>			
				<wpn_fps_upg_m4_g_hgrip unit = "units/payday2/weapons/wpn_upg_dummy/wpn_upg_dummy">
				</wpn_fps_upg_m4_g_hgrip>
				<wpn_fps_upg_m4_g_mgrip unit = "units/payday2/weapons/wpn_upg_dummy/wpn_upg_dummy">
				</wpn_fps_upg_m4_g_mgrip>
				<wpn_fps_upg_m4_g_ergo unit = "units/payday2/weapons/wpn_upg_dummy/wpn_upg_dummy">
				</wpn_fps_upg_m4_g_ergo>
				<wpn_fps_upg_m4_g_sniper unit = "units/payday2/weapons/wpn_upg_dummy/wpn_upg_dummy">	
				</wpn_fps_upg_m4_g_sniper>			
				<wpn_fps_upg_g_m4_surgeon unit = "units/payday2/weapons/wpn_upg_dummy/wpn_upg_dummy">	
				</wpn_fps_upg_g_m4_surgeon>
				<wpn_fps_snp_tti_g_grippy unit = "units/payday2/weapons/wpn_upg_dummy/wpn_upg_dummy">	
				</wpn_fps_snp_tti_g_grippy>
				<wpn_fps_snp_victor_g_mod3 unit = "units/payday2/weapons/wpn_upg_dummy/wpn_upg_dummy">	
				</wpn_fps_snp_victor_g_mod3>
				<wpn_fps_snp_iuhTTIPlus_g unit = "units/payday2/weapons/wpn_upg_dummy/wpn_upg_dummy">	
				</wpn_fps_snp_iuhTTIPlus_g>	
				<wpn_fps_upg_m4_s_adapter unit = "units/payday2/weapons/wpn_upg_dummy/wpn_upg_dummy">	
				</wpn_fps_upg_m4_s_adapter>			
		</override>
	</WeaponMod>

	<!--Underbarrel attatchemnt vg-->
	<WeaponMod id="wpn_fps_snp_iuhTTIPlus_gl" based_on="wpn_fps_snp_tti_vg_standard" is_a_unlockable="true" drop="false" type="vertical_grip" unit = "units/payday2/weapons/wpn_upg_dummy/wpn_upg_dummy" ver="2" has_description = "true" global_value = "iuhTTIPlusmod">
		<weapons>	
		</weapons>
		<adds>
			<value_node value="wpn_fps_snp_iuhTTIPlus_addon_ris"/>
			<value_node value="wpn_fps_snp_iuhTTIPlus_gl_m203"/>
		</adds>		
		<override>				
		</override>	
	</WeaponMod>

	<WeaponMod id="wpn_fps_snp_iuhTTIPlus_bipod" based_on="wpn_fps_snp_tti_vg_standard" is_a_unlockable="true" drop="false" type="vertical_grip" unit = "units/payday2/weapons/wpn_upg_dummy/wpn_upg_dummy" ver="2" has_description = "true" global_value = "iuhTTIPlusmod">
		<weapons>	
		</weapons>
		<adds>
			<value_node value="wpn_fps_upg_bp_lmg_lionbipod"/>
		</adds>		
		<override>			
			<wpn_fps_upg_bp_lmg_lionbipod a_obj = "a_vg">			
			</wpn_fps_upg_bp_lmg_lionbipod>
		</override>		
	</WeaponMod>

	<!--Bullet convertion-->

	<!--Main weapon-->
	<Weapon unlock_level="70">
		<weapon id="iuhTTIPlus" based_on = "tti" FIRE_MODE="auto" weapon_hold="iuhTTIPlus" CLIP_AMMO_MAX="20" NR_CLIPS_MAX="2" ammo_pickup="4" CAN_TOGGLE_FIREMODE="true" BURST_FIRE="3" BURST_FIRE_RATE_MULTIPLIER="1.5" dlc = "spa" shell_ejection = "effects/payday2/particles/weapons/shells/shell_556" muzzleflash = "effects/iuhTTIPlusMuzzle" global_value = "iuhTTIPlusmod">
			<AMMO_PICKUP>
				<value_node value="4"/><value_node value="4"/>
			</AMMO_PICKUP>
			<categories>
				<value_node value="snp"/>
			</categories>
			<stats damage="100" spread="16" spread_moving="14" recoil="16" concealment="16" suppression="6" />
			<stats_modifiers damage="1.6"/>
			<fire_mode_data fire_rate="0.13333333333"/>
			<kick>
				<standing>
					<value_node value="0.3"/>
					<value_node value="0.3"/>
					<value_node value="-0.8"/>
					<value_node value="0.8"/>
				</standing>
				<crouching>
					<value_node value="0.3"/>
					<value_node value="0.3"/>
					<value_node value="-0.6"/>
					<value_node value="0.6"/>
				</crouching>
				<steelsight>
					<value_node value="0.3"/>
					<value_node value="0.3"/>
					<value_node value="-0.6"/>
					<value_node value="0.6"/>
				</steelsight>
			</kick>
			<animations reload_name_id="iuhTTIPlus" >
            </animations>	
			<sounds use_fix="true" fire = "iuhTTIPlus_fire" fire_single = "iuhTTIPlus_fire" fire_auto = "iuhTTIPlus_fire"/>
			<timers reload_empty="3.2" reload_not_empty="3.2" equip="0.6" unequip="0.65" />
		</weapon>
		<factory id="wpn_fps_snp_iuhTTIPlus" stock_adapter = "wpn_fps_upg_m4_s_adapter" unit="units/mods/weapons/wpn_fps_snp_iuhTTIPlus/wpn_fps_snp_iuhTTIPlus">
			<animations fire="recoil" fire_steelsight="recoil" reload="reload" reload_not_empty="reload_not_empty"/>
			<adds/>
			<override>						
				<wpn_fps_upg_o_box>
					<stance_mod>
						<wpn_fps_snp_iuhTTIPlus translation = "0 -30 -0.8"/>			
					</stance_mod>
				</wpn_fps_upg_o_box>
				<wpn_fps_upg_o_leupold>
					<stance_mod>
						<wpn_fps_snp_iuhTTIPlus translation = "0 -35 -2"/>			
					</stance_mod>
				</wpn_fps_upg_o_leupold>
				<wpn_fps_snp_iuhTTIPlus_o>
					<stance_mod>
						<wpn_fps_snp_iuhTTIPlus translation = "0 -30 -0.8"/>			
					</stance_mod>
				</wpn_fps_snp_iuhTTIPlus_o>
				<wpn_fps_snp_iuhTTIPlus_o_claymore>
					<stance_mod>
						<wpn_fps_snp_iuhTTIPlus translation = "0.3 5 -0.2"/>			
					</stance_mod>
				</wpn_fps_snp_iuhTTIPlus_o_claymore>
				<wpn_fps_upg_o_northtac>
					<stance_mod>
						<wpn_fps_snp_iuhTTIPlus translation = "0 -20 -0.1"/>			
					</stance_mod>
				</wpn_fps_upg_o_northtac>
				<wpn_fps_upg_o_northtac_reddot>
					<stance_mod>
						<wpn_fps_snp_iuhTTIPlus translation = "0 -4 -5.2"/>			
					</stance_mod>
				</wpn_fps_upg_o_northtac_reddot>
				<wpn_fps_upg_o_atibal_reddot>
					<stance_mod>
						<wpn_fps_snp_iuhTTIPlus translation = "-0.1 0 -5.8"/>			
					</stance_mod>
				</wpn_fps_upg_o_atibal_reddot>
				<wpn_fps_upg_o_hamr_reddot>
					<stance_mod>
						<wpn_fps_snp_iuhTTIPlus translation = "0 0 -3.35"/>			
					</stance_mod>
				</wpn_fps_upg_o_hamr_reddot>
				<wpn_fps_upg_i_singlefire>
					<stats fire_rate = "1" spread = "1" recoil = "-2"/>
					<custom_stats fire_rate_multiplier = "0.333" />
				</wpn_fps_upg_i_singlefire>
				<wpn_fps_upg_ass_m4_b_beowulf a_obj = "a_b">
					<stats concealment = "-2" spread = "2" damage = "10"/>
					<custom_stats>
						<sound_switch suppressed = "regular_a" />
					</custom_stats>		
					<sound_switch suppressed = "regular_a" />		
				</wpn_fps_upg_ass_m4_b_beowulf>
				<wpn_fps_snp_tti_ns_hex parent = "barrel">
				</wpn_fps_snp_tti_ns_hex>
				<wpn_fps_upg_ns_ass_smg_medium>
				</wpn_fps_upg_ns_ass_smg_medium>
				<wpn_fps_upg_ns_ass_smg_large>
				</wpn_fps_upg_ns_ass_smg_large>					
				<wpn_fps_upg_ass_m16_fg_stag>
					<override>			
						<wpn_fps_upg_o_leupold>
							<stance_mod>
								<wpn_fps_snp_iuhTTIPlus translation = "0 -35 -0.9"/>
							</stance_mod>			
						</wpn_fps_upg_o_leupold>
					</override>		
				</wpn_fps_upg_ass_m16_fg_stag>
				<wpn_fps_uupg_fg_radian>
					<override>			
						<wpn_fps_upg_o_leupold>
							<stance_mod>
								<wpn_fps_snp_iuhTTIPlus translation = "0 -35 -0.9"/>
							</stance_mod>			
						</wpn_fps_upg_o_leupold>
					</override>	
				</wpn_fps_uupg_fg_radian>
				<wpn_fps_upg_ass_m4_fg_moe>
					<override>			
						<wpn_fps_upg_o_leupold>
							<stance_mod>
								<wpn_fps_snp_iuhTTIPlus translation = "0 -35 -0.9"/>
							</stance_mod>			
						</wpn_fps_upg_o_leupold>
					</override>	
				</wpn_fps_upg_ass_m4_fg_moe>
				<wpn_fps_snp_iuhTTIPlus_fg_victor>
					<override>			
						<wpn_fps_upg_o_leupold>
							<stance_mod>
								<wpn_fps_snp_iuhTTIPlus translation = "0 -35 -0.9"/>
							</stance_mod>			
						</wpn_fps_upg_o_leupold>
					</override>	
				</wpn_fps_snp_iuhTTIPlus_fg_victor>				
				<wpn_fps_m4_uupg_lower_radian >
					<stats damage = "-40" extra_ammo = "5" concealment = "2" total_ammo_mod = "15" />	
					<adds></adds>	
					<forbids>
						<value_node value="wpn_fps_snp_iuhTTIPlus_m_d60"/>
					</forbids>				
					<custom_stats fire_rate_multiplier = "1.5"/>
					<override>			
						<wpn_fps_snp_iuhTTIPlus_bodylower unit = "units/payday2/weapons/wpn_upg_dummy/wpn_upg_dummy" >			
						</wpn_fps_snp_iuhTTIPlus_bodylower>
						<wpn_fps_snp_tti_m_standard unit = "units/payday2/weapons/wpn_fps_ass_m4_pts/wpn_fps_m4_uupg_m_std" >			
						</wpn_fps_snp_tti_m_standard>	
						<wpn_fps_snp_tti_body_receiverupper unit = "units/pd2_dlc_savi/weapons/wpn_fps_snp_victor_pts/wpn_fps_snp_victor_body_receiver_upper" >			
						</wpn_fps_snp_tti_body_receiverupper>	
					</override>	
				</wpn_fps_m4_uupg_lower_radian>
				<wpn_fps_upg_o_45rds_v2>
					<stance_mod>
						<wpn_fps_snp_iuhTTIPlus translation = "-1.2 0 -12.2" rotation = "-0 1 -0 -2"/>			
					</stance_mod>		
				</wpn_fps_upg_o_45rds_v2>
				<wpn_fps_upg_o_45rds>
					<stance_mod>
						<wpn_fps_snp_iuhTTIPlus translation = "-1.2 0 -12.2" rotation = "-0 1 -0 -2"/>			
					</stance_mod>		
				</wpn_fps_upg_o_45rds>		
				<wpn_fps_upg_o_45iron>
					<stance_mod>
						<wpn_fps_snp_iuhTTIPlus translation = "-1.3 0 -12.2" rotation = "-0 1 -0 -2"/>			
					</stance_mod>		
				</wpn_fps_upg_o_45iron>	
				<wpn_fps_upg_o_45steel>
					<stance_mod>
						<wpn_fps_snp_iuhTTIPlus translation = "-1.3 0 -12.2" rotation = "-0 1 -0 -2"/>			
					</stance_mod>		
				</wpn_fps_upg_o_45steel>			
			</override>
			<optional_types>
				<value_node value="barrel_ext"/>
				<value_node value="gadget"/>
				<value_node value="sight"/>
			</optional_types>
			<default_blueprint>
				<value_node value="wpn_fps_snp_tti_m_standard"/>
				<value_node value="wpn_fps_snp_iuhTTIPlus_fg"/>			
				<value_node value="wpn_fps_snp_tti_dh_standard"/>
				<value_node value="wpn_fps_ass_contraband_bolt_standard"/>
				<value_node value="wpn_fps_snp_tti_body_receiverupper"/>
				<value_node value="wpn_fps_snp_iuhTTIPlus_bodylower"/>
				<value_node value="wpn_fps_snp_iuhTTIPlus_b"/>
				<value_node value="wpn_fps_snp_iuhTTIPlus_o"/>			
				<value_node value="wpn_fps_snp_iuhTTIPlus_g"/>
				<value_node value="wpn_fps_ass_contraband_s_standard"/>		
				<value_node value="wpn_fps_snp_iuhTTIPlus_vg"/>
				<value_node value="wpn_fps_snp_iuhTTIPlus_dhs_switch"/>			
			</default_blueprint>
			
			<uses_parts>
			<!--Main-->
				<value_node value="wpn_fps_snp_tti_m_standard"/>
				<value_node value="wpn_fps_snp_iuhTTIPlus_fg"/>				
				<value_node value="wpn_fps_snp_tti_dh_standard"/>
				<value_node value="wpn_fps_ass_contraband_bolt_standard"/>
				<value_node value="wpn_fps_snp_tti_body_receiverupper"/>
				<value_node value="wpn_fps_snp_iuhTTIPlus_bodylower"/>
				<value_node value="wpn_fps_snp_iuhTTIPlus_b"/>
				<value_node value="wpn_fps_snp_iuhTTIPlus_o"/>		
				<value_node value="wpn_fps_snp_iuhTTIPlus_g"/>
				<value_node value="wpn_fps_ass_contraband_s_standard"/>
				<value_node value="wpn_fps_snp_iuhTTIPlus_vg"/>
				<value_node value="wpn_fps_snp_iuhTTIPlus_dhs_switch"/>				 
			
			<!-- sights -->
				<value_node value="wpn_fps_upg_o_specter"/>
				<value_node value="wpn_fps_upg_o_aimpoint"/>
				<value_node value="wpn_fps_upg_o_docter"/>
				<value_node value="wpn_fps_upg_o_eotech"/>
				<value_node value="wpn_fps_upg_o_t1micro"/>
				<value_node value="wpn_fps_upg_o_cmore"/>
				<value_node value="wpn_fps_upg_o_aimpoint_2"/>
				<value_node value="wpn_fps_upg_o_acog"/>
				<value_node value="wpn_fps_upg_o_eotech_xps"/>
				<value_node value="wpn_fps_upg_o_reflex"/>
				<value_node value="wpn_fps_upg_o_rx01"/>
				<value_node value="wpn_fps_upg_o_rx30"/>
				<value_node value="wpn_fps_upg_o_cs"/>
				<value_node value="wpn_fps_upg_o_spot"/>
				<value_node value="wpn_fps_upg_o_bmg"/>  
				<value_node value="wpn_fps_upg_o_fc1"/>
				<value_node value="wpn_fps_upg_o_uh"/> 
				<value_node value="wpn_fps_upg_o_tf90"/> 
				<value_node value="wpn_fps_upg_o_poe"/> 
				<value_node value="wpn_fps_upg_o_leupold"/> 
				<value_node value="wpn_fps_upg_o_box"/>
				<value_node value="wpn_fps_upg_o_northtac"/>
				<value_node value="wpn_fps_upg_o_northtac_reddot"/>	
				<value_node value="wpn_fps_upg_o_hamr"/>
				<value_node value="wpn_fps_upg_o_hamr_reddot"/>	
				<value_node value="wpn_fps_upg_o_atibal"/>	
				<value_node value="wpn_fps_upg_o_atibal_reddot"/>
				<value_node value="wpn_fps_upg_o_health"/>	
				<value_node value="wpn_fps_upg_o_mbus_pro"/>											

			<!-- Fg -->
				<value_node value="wpn_fps_snp_iuhTTIPlus_fg_mk12"/>	
				<value_node value="wpn_fps_snp_iuhTTIPlus_fg_victor"/>		
				<value_node value="wpn_fps_upg_ass_m16_fg_stag"/>
				<value_node value="wpn_fps_uupg_fg_radian"/>	
				<value_node value="wpn_fps_upg_ass_m4_fg_moe"/>								

			<!-- Barrel -->		
				<value_node value="wpn_fps_upg_ass_m4_b_beowulf"/>	  

			<!-- gadgets -->
				<value_node value="wpn_fps_upg_fl_ass_smg_sho_peqbox"/>
				<value_node value="wpn_fps_upg_fl_ass_smg_sho_surefire"/>
				<value_node value="wpn_fps_upg_fl_ass_peq15"/>
				<value_node value="wpn_fps_upg_fl_ass_laser"/>
				<value_node value="wpn_fps_upg_fl_ass_utg"/>
				<value_node value="wpn_fps_upg_o_45rds"/>
				<value_node value="wpn_fps_upg_o_45rds_v2"/>
				<value_node value="wpn_fps_upg_o_45steel"/>
				<value_node value="wpn_fps_upg_o_45iron"/>
				<value_node value="wpn_fps_upg_fl_dbal_laser"/>		
			
			<!--Muzzle breaks -->
				<value_node value="wpn_fps_upg_ns_ass_smg_large"/>
				<value_node value="wpn_fps_upg_ns_ass_smg_medium"/>
				<value_node value="wpn_fps_upg_ns_ass_smg_small"/>
				<value_node value="wpn_fps_upg_ns_ass_smg_firepig"/>
				<value_node value="wpn_fps_upg_ns_ass_smg_stubby"/>
				<value_node value="wpn_fps_upg_ns_ass_smg_tank"/>
				<value_node value="wpn_fps_upg_ass_ns_jprifles"/>
				<value_node value="wpn_fps_upg_ass_ns_linear"/>
				<value_node value="wpn_fps_upg_ass_ns_surefire"/>
				<value_node value="wpn_fps_ass_shak12_ns_suppressor"/>
				<value_node value="wpn_fps_ass_shak12_ns_muzzle"/>
				<value_node value="wpn_fps_upg_ns_ass_smg_v6"/>
				<value_node value="wpn_fps_lmg_hk51b_ns_jcomp"/>
				<value_node value="wpn_fps_upg_ass_ns_battle"/>
				<value_node value="wpn_fps_snp_tti_ns_hex"/> 
				<value_node value="wpn_fps_snp_victor_ns_omega"/>
				<value_node value="wpn_fps_snp_msr_ns_suppressor"/>
				<value_node value="wpn_fps_lmg_hcar_suppressor"/>													

			<!-- stock -->
				<value_node value="wpn_fps_upg_m4_s_ubr"/>
				<value_node value="wpn_fps_upg_m4_s_crane"/>
				<value_node value="wpn_fps_upg_m4_s_mk46"/>
				<value_node value="wpn_fps_m4_uupg_s_fold"/>
				<value_node value="wpn_fps_upg_m4_s_pts"/>		
				<value_node value="wpn_fps_snp_tti_s_vltor"/>	
				<value_node value="wpn_fps_snp_victor_s_mod0"/>	
				<value_node value="wpn_fps_snp_iuhTTIPlus_s_victor_hera"/>				 	

			<!-- magazine -->
				<value_node value="wpn_fps_snp_iuhTTIPlus_m_d60"/>	

			<!-- grip -->
				<value_node value="wpn_fps_upg_m4_g_hgrip"/>
				<value_node value="wpn_fps_upg_m4_g_mgrip"/>
				<value_node value="wpn_fps_upg_m4_g_ergo"/>
				<value_node value="wpn_fps_upg_m4_g_sniper"/>			
				<value_node value="wpn_fps_upg_g_m4_surgeon"/>	
				<value_node value="wpn_fps_snp_tti_g_grippy"/>	
				<value_node value="wpn_fps_snp_victor_g_mod3"/>	
								
			<!-- underbarrel grenade -->
				<value_node value="wpn_fps_upg_a_underbarrel_poison"/>
				<value_node value="wpn_fps_upg_a_underbarrel_electric"/>
				<value_node value="wpn_fps_upg_a_underbarrel_frag_groza"/>	
				<!--value_node value="wpn_fps_upg_a_underbarrel_hornet"/-->	

			<!-- lower receive -->
				<value_node value="wpn_fps_m4_uupg_lower_radian"/>		

			<!-- Magazine -->
				<!--
				<value_node value="wpn_fps_upg_m4_m_drum"/>
				<value_node value="wpn_fps_upg_m4_m_pmag"/>
				<value_node value="wpn_fps_upg_m4_m_straight"/>
				<value_node value="wpn_fps_m4_upg_m_quick"/>
				<value_node value="wpn_fps_m4_uupg_m_strike"/>
				<value_node value="wpn_fps_upg_m4_m_l5"/>
				<value_node value="wpn_fps_upg_m4_m_quad"/>	
				-->

			<!-- underbarrel attatchemnt -->
				<value_node value="wpn_fps_snp_iuhTTIPlus_gl"/>	
				<!--value_node value="wpn_fps_snp_iuhTTIPlus_bipod"/-->	
				
			<!-- custom -->			
				<value_node value="wpn_fps_upg_i_singlefire"/>
			</uses_parts>
		</factory>
		<stance>		
			<crouched>
				<shoulders rotation="-0 0.0871558 -0 -2" translation="-5 20 -15"/>
			</crouched>
			<steelsight>
				<shoulders rotation = "6.99405e-05 0.000377474 -0.000677576 -0.999984" translation="-10.5 0.972 1"/>
			</steelsight>	
		</stance>
	</Weapon>

	<!--M203 Base stat-->
	

	<Sounds directory="assets\sounds">
		<sound id="iuhTTIPlus_fire" path="iuhTTIPlus_regular.ogg" prefix="regular"/>
		<sound id="iuhTTIPlus_fire" path="iuhTTIPlus_regular.ogg" prefix="regular_b"/>
		<sound id="iuhTTIPlus_fire" path="iuhTTIPlus_suppressed.ogg" prefix="suppressed_a"/>
		<sound id="iuhTTIPlus_fire" path="iuhTTIPlus_suppressed.ogg" prefix="suppressed_b"/>
		<sound id="iuhTTIPlus_fire" path="iuhTTIPlus_suppressed.ogg" prefix="suppressed_c"/>
	</Sounds>	
	<Hooks directory = "hooks">
		<hook file ="newraycastweaponbase.lua"									source_file="lib/units/weapons/newraycastweaponbase"/>
		<!--hook file ="weaponfactorytweakdata.lua" 								source_file="lib/tweak_data/weaponfactorytweakdata"/-->
	</Hooks>
</mod>

	<!--forbids>
			<value_node value="wpn_fps_snp_tti_m_standard"/>
			<value_node value="wpn_fps_snp_tti_fg_standard"/>			
			<value_node value="wpn_fps_snp_tti_dh_standard"/>
			<value_node value="wpn_fps_ass_contraband_bolt_standard"/>
			<value_node value="wpn_fps_snp_tti_body_receiverupper"/>
			<value_node value="wpn_fps_snp_iuhTTIPlus_bodylower"/>
			<value_node value="wpn_fps_snp_iuhTTIPlus_o"/>			
			<value_node value="wpn_fps_snp_iuhTTIPlus_g"/>
			<value_node value="wpn_fps_snp_iuhTTIPlus_b"/>
	</forbids-->